"","ID","mean_accuracy","mean_search","mean_confidence","mean_final_accuracy","AccStronger","MaxPoints","DotDiff","dprime","meta_dprime","mratio"
"1","abginr",0.61,0,1.38,0.6,0.96,6000,2.93928571428571,0.505927871883543,0.0367059542659382,0.0725517535321464
"2","aboxsw",0.68,0.37,2.51,0.73,0.82,6860,2.91071428571428,0.889202981865994,1.25710164125978,1.41373979495858
"3","aekqzk",0.85,0.4,2.53,0.96,0.96,9130,3.6,2.02798380963313,2.24553745086307,1.1072758274482
"4","ahmfki",0.71,0.05,2.93,0.71,0.9,7075,2.67142857142857,1.09603803787313,0.529417912762361,0.483028776802037
"5","akurdg",0.74,0.59,2.58,0.9,0.96,8195,3.01428571428571,1.3728831706019,1.81732930068402,1.32373193844839
"6","akvwii",0.64,0.79,1.8,0.78,0.76,6910,2.19642857142857,0.58331906023868,0.521076335017196,0.8932955744734
"7","albemo",0.74,0.59,2.17,0.94,0.98,8805,3.125,1.26674976975148,1.06845967254229,0.843465456284956
"8","ammrwo",0.69,0.69,1.66,0.85,0.72,7735,2.45714285714286,0.942967274202763,0.958874391059753,1.01686921412033
"9","amubmq",0.73,0,1.92,0.73,0.92,7300,2.30714285714286,1.1851516398483,0.358846958944384,0.3027856916186
"10","angcso",0.67,0.78,1.28,0.84,0.94,7470,2.66428571428571,0.93400266309234,0.593921424463456,0.635888362991464
"11","aodlnk",0.66,0,2.33,0.66,0.9,6600,2.5,0.762032755628488,1.13872775681796,1.49432914583677
"12","aouehi",0.7,0,2.09,0.71,0.9,7100,2.52142857142857,1.03562399060927,1.39258041104418,1.3446776278569
"13","aqikrl",0.71,0.25,1.93,0.79,0.94,7685,2.72142857142857,1.16196871835086,0.694845315337345,0.597989691429486
"14","aqmqsq",0.73,0.66,2.02,0.92,0.88,8450,3,1.50323361680277,1.66502393193726,1.10762819120464
"15","asvmtk",0.717171717171717,0.0808080808080808,2.2020202020202,0.727272727272727,0.82,7230,2.375,1.18640232180826,0.210265009047964,0.177229094366141
"16","atadpg",0.84,0,2.27,0.83,1,8300,3.30714285714286,2.4409014706194,2.2292945659273,0.913307887582041
"17","atndqp",0.79,0.43,2.21,0.95,0.96,8985,2.96071428571429,1.60570830407228,1.68076804263899,1.04674556292469
"18","augafv",0.69,0.25,2.76,0.74,0.96,7145,2.84642857142857,1.20741920522142,2.07593529306255,1.71931611165806
"19","auicuy",0.777777777777778,0.333333333333333,2.32323232323232,0.888888888888889,0.98,8525,3.09642857142857,1.43142677841435,2.22554830104747,1.55477620972886
"20","auossx",0.6,0.315789473684211,2.31578947368421,0.715789473684211,0.823529411764706,6965,2.72857142857143,0.492188571090625,0.669595715127686,1.36044547650497
"21","avllga",0.62,0.06,1.6,0.64,0.9,6370,2.65,0.441411801123714,-0.236402053514437,-0.535558978968441
"22","avsysn",0.71,0.41,1.98,0.79,0.92,7500,2.37857142857143,1.12899393478089,0.753415157626692,0.667333219795295
"23","avvojt",0.74,0.29,2.1,0.85,0.92,8280,3.06428571428571,1.26052644959789,0.779429880828513,0.618336791804053
"24","awwqym",0.8,0.47,1.73,0.94,0.96,8895,2.83571428571428,1.82163921170725,1.40005213335675,0.768567191768236
"25","axjjyt",0.76,0.4,2.45,0.92,0.98,8745,3.05357142857143,1.37866115973955,1.76107415003058,1.27737996939239
"26","ayaruh",0.72,0,1.39,0.72,0.88,7200,3.325,1.20123305076877,0.586230603239447,0.488024037354173
"27","azfqqa",0.65,0.22,2.1,0.73,0.88,7130,3.06071428571428,0.747419078959159,0.859872097020109,1.15045510775233
"28","bcvlam",0.68,0.62,1.92,0.92,1,8545,3.08928571428571,1.2815515655446,0.907571817137198,0.708182051770598
"29","bdfixg",0.7,0.38,1.16,0.81,0.86,7625,2.87857142857143,1.10158151905984,0.607925811249535,0.551866385493086
"30","beauof",0.66,0.09,1.09,0.67,0.88,6655,2.69642857142857,1.06089126806266,0.638882886946429,0.60221335228173
"31","bfyadm",0.76,0,2.3,0.78,0.98,7800,3.51428571428571,1.46677455485439,0.899250339051463,0.613080132918404
"32","bgdumn",0.67,0.52,1.48,0.72,0.66,6850,2.09285714285714,0.642669558526399,0.566260229700832,0.88110635113826
"33","bgsmli",0.81,0.27,2.19,0.89,0.94,8540,2.65714285714286,1.73208232682285,1.39377336298007,0.804680783006809
"34","bhoozk",0.84,0.02,2.92,0.86,1,8590,3.16071428571428,2.4409014706194,3.29289610279389,1.3490491699193
"35","bijxjt",0.74,0.37,2.75,0.72,0.94,6805,2.98571428571429,1.04345318922209,-0.599456221030139,-0.574492681820296
"36","bjbuho",0.83,0.06,2.2,0.83,0.94,8270,2.85714285714286,1.96904208749357,1.52489390110669,0.774434386543638
"37","bjbvlv",0.78,0.38,2.06,0.86,0.96,8395,2.89642857142857,1.5190693882373,1.2703306637464,0.83625585084067
"38","bjxyas",0.73,0.67,2.08,0.91,0.9,8255,2.86785714285714,1.37918060934391,0.589878781156048,0.427702345261844
"39","bnaigm",0.78,0.53,2.85,0.92,0.9,8650,2.98571428571429,1.54274933247763,0.562012941436316,0.364293102972039
"40","bpbadb",0.777777777777778,0.484848484848485,1.98989898989899,0.898989898989899,0.78,8475,2.88214285714286,1.49177773352171,0.883487507657871,0.592238031045136
"41","bphpor",0.63,0.23,1.36,0.72,0.96,6920,2.65357142857143,0.705832469039648,0.747931990614415,1.05964520395618
"42","bqnunf",0.79,0.34,2.07,0.94,1,9005,3.35,1.68173007434093,0.267063122644974,0.15880260852779
"43","brhzqs",0.84,0.62,1.85,1,0.98,9285,3.575,2.86225196101984,2.45253367054746,0.856854569041366
"44","btejha",0.8,0.02,2.5,0.82,1,8175,3.25,1.72131337067168,2.02588610297434,1.17694205918113
"45","btriuk",0.73469387755102,0.142857142857143,1.89795918367347,0.76530612244898,0.9,7585,3.26785714285714,1.22348388133928,0.520946966383498,0.425789807556147
"46","btxmie",0.85,0.82,1.29,0.96,0.92,8635,3.4,2.0633844898205,-0.175619211164374,-0.0851122086216961
"47","buattp",0.68,0,2.31,0.69,0.94,6900,2.79642857142857,0.925790827108563,0.569794279932311,0.615467623190756
"48","bvelca",0.71,0,2.09,0.71,0.86,7100,3.08928571428571,1.23441569150665,0.900880333739721,0.729803047659059
"49","byfxwj",0.76,0.42,2.38,0.93,0.96,8865,3.52142857142857,2.50003182562327,2.00709791191266,0.802828944552448
"50","byyccp",0.65,0.03,1.3,0.65,0.92,6485,2.76071428571428,1.11945039129692,0.427770346827547,0.382125326993689
"51","bzovoo",0.76,0.46,2.01,0.84,0.98,7825,2.87857142857143,1.82536153663821,0.833761806260666,0.456765298011164
"52","caaopl",0.85,0.01,2.45,0.86,1,8580,3.57142857142857,2.01410601687993,1.62305798214242,0.805845356967216
"53","cewqpg",0.75,0.31,2.05,0.86,0.9,8250,2.86428571428571,1.37323892432563,0.492582672851949,0.358701362251179
"54","cfdicp",0.83,0.46,2.2,0.98,0.98,9225,3.48214285714286,2.10791647809441,2.04149616707588,0.968490065090921
"55","cfhhlj",0.78,0.2,2.08,0.86,0.98,8455,2.83214285714286,1.46473933404115,1.21289990371283,0.828065359838803
"56","cfmyxg",0.73,0.04,2.15,0.76,0.86,7580,3.49642857142857,1.44189705326752,-0.956509364817932,-0.663368693798464
"57","cfrnqt",0.74,0.62,1.52,0.87,0.86,7985,2.83928571428571,1.1928160769283,0.238144286813893,0.199648790303996
"58","cfxjma",0.67,0.47,1.46,0.83,0.9,7825,2.425,0.865159472706666,0.346269718794071,0.400238025147849
"59","chfvlf",0.72,0,1.81,0.72,0.94,7200,3.07142857142857,1.0991861270556,1.25419919210685,1.14102531066916
"60","chpdfx",0.8,0.97,1.54,0.97,0.92,8465,2.95714285714286,1.64001853981967,1.17440470794343,0.716092336415031
"61","cjdjqk",0.8,0.15,2.65,0.84,0.96,8280,3.00357142857143,1.72131337067168,1.14486626434492,0.665112049817043
"62","ckxobc",0.72,0.53,1.64,0.82,0.78,7590,2.3,1.19898012102373,1.06812033164851,0.890857415331056
"63","cnkwvz",0.66,0.08,1.83,0.7,0.9,6945,3.06428571428571,0.795675967394224,0.75477247471598,0.948592776011321
"64","cotpxk",0.73,0.87,1.62,0.83,0.92,7190,2.69642857142857,1.41816577871706,0.00211205223182146,0.00148928444298813
"65","csdjcz",0.61,0.64,1.34,0.7,0.86,6245,2.18571428571428,0.54188273369014,0.614851367598861,1.13465761016561
"66","ctfjzi",0.69,0,2,0.69,0.94,6900,2.93928571428571,1.32554168383991,1.23914442191425,0.934821165581619
"67","ctunbu",0.74,0.47,1.52,0.89,1,8305,3.26428571428571,1.1965834624677,0.959100209860516,0.801532229003545
"68","cvrflt",0.63,0.06,1.88,0.63,0.8,6255,2.64642857142857,0.678540321714772,0.0178516591193014,0.0263089142207314
"69","cvzskk",0.767676767676768,0.121212121212121,2.54545454545455,0.797979797979798,0.9,7895,2.83571428571429,1.45832633930352,1.36504667339349,0.93603649375586
"70","cwfril",0.73,0.03,2.86,0.71,0.92,7085,3.20714285714286,1.14323326756894,1.25462789341062,1.09743822980113
"71","cwoyjb",0.73,0.73,2.07,0.93,0.86,8500,2.775,1.28872245720874,0.854926895545139,0.663391012364942
"72","cwtyzh",0.75,0.14,2.08,0.8,0.94,7885,2.68214285714286,1.42051600422816,1.00247249234657,0.705710100669558
"73","cwvrbo",0.8,0.03,2.62,0.81,0.96,8085,2.85,1.6697941408851,0.938066320560316,0.561785610328637
"74","cyfapl",0.81,0.68,1.77,0.96,0.98,8705,3.13571428571428,1.87576228830952,0.644555412766913,0.343623185509184
"75","cyukhk",0.79,0.15,1.11,0.87,1,8625,2.98928571428571,1.58913991605098,-0.0779021165596799,-0.0490215592553152
"76","cyytpx",0.68,0.09,2.21,0.7,0.84,6880,2.68928571428571,0.895617769790449,0.73171151053448,0.816990836063561
"77","czkwej",0.68,0.3,2.45,0.77,0.84,7490,2.7,0.96219809247605,0.802858769518449,0.834400707917048
"78","czrbyi",0.77,0.5,1.37,0.83,0.76,8050,2.39285714285714,1.45442135887831,0.29770820878561,0.204691856983736
"79","cztbfp",0.75,0.04,2.25,0.75,0.88,7480,2.68928571428571,1.31785969356514,0.981785068317044,0.744984517783579
"80","dayhjo",0.63,0.05,1.44,0.64,0.96,6375,2.43571428571428,0.653795233080556,0.287736972598045,0.440102585701466
"81","dbhvjx",0.7,0.07,1.14,0.72,0.78,7165,2.44285714285714,1.00144595422805,0.459771851843907,0.459108002686291
"82","dbiaih",0.7,0.47,1.54,0.73,0.94,7005,3.01071428571429,1.31555614904997,0.959776043953676,0.729559163739821
"83","dbipzr",0.67,0.19,2.15,0.74,0.773584905660377,7275,2.23928571428571,0.860639566000971,0.33438217494674,0.38852754179136
"84","ddkubj",0.77,0.54,2.81,0.74,0.94,6815,2.82857142857143,1.44694042409577,1.75043682593269,1.20975044776054
"85","delfvk",0.74,0,2.22,0.73,0.96,7300,2.93571428571428,1.26674976975148,0.412004693395024,0.32524552459627
"86","deuxgc",0.602040816326531,0.193877551020408,2,0.622448979591837,0.96,6175,3.11428571428571,0.735070068182024,-0.0424834202052515,-0.0577950620548617
"87","dfjytz",0.67,0.5,1.93,0.71,0.66,6775,2.53214285714286,1.53272798376871,0.961118350070143,0.627063875813713
"88","dgmbuv",0.783505154639175,0.721649484536082,1.96907216494845,0.938144329896907,1,8500,3.36428571428571,1.57503120891249,1.3656467794276,0.86706013931656
"89","dkjdtg",0.74,0.74,1.55,0.83,0.9,7555,2.39642857142857,1.3728831706019,-0.105918133088924,-0.0771501431126784
"90","dkxdtc",0.71,0.11,2.9,0.74,0.9,7330,2.82857142857143,1.21371446322802,1.79793654787122,1.48135051722907
"91","dlojos",0.85,0.71,1.61,0.98,0.9,8995,3.15357142857143,2.16448762676762,1.19878828816725,0.553843908988975
"92","dmcfaa",0.808080808080808,0.0505050505050505,1.76767676767677,0.828282828282828,0.98,8100,3.39642857142857,1.68971844707819,0.0539680170712883,0.0319390589388477
"93","dmilke",0.66,0.83,1.38,0.9,0.92,8015,3.21785714285714,0.955810967693412,0.62129932192279,0.650023218944773
"94","dmxpje",0.69,0.58,1.89,0.83,0.92,7740,2.88928571428571,0.975568492364495,0.49896477707068,0.511460528887454
"95","dnbhnn",0.79,0.03,1.83,0.78,0.68,7755,2.68928571428571,1.68173007434093,0.471762019901352,0.280521843011123
"96","dnclzl",0.83,0.06,2.12,0.85,0.92,8440,3.16071428571428,1.8199166003764,1.19767046913881,0.658090853663902
"97","dneyew",0.77,0.1,2.79,0.81,0.96,8035,3.18571428571428,1.42383542037527,1.76020325592,1.23624067131022
"98","dnjwrm",0.7,0.74,2.84,0.82,0.74,7290,2.46785714285714,0.960743631649238,0.724639595553419,0.754248658728534
"99","doqcwt",0.82,0.01,2,0.83,0.88,8295,3.35714285714286,1.76811625643254,0.142503678250649,0.0805963282856599
"100","doxkws",0.78,0.73,1.73,0.97,0.94,8795,3.28214285714286,1.56591552510632,0.742880493307086,0.474406493451585
"101","dpbypm",0.63,0.04,1.49,0.65,0.84,6480,2.36785714285714,0.645503598111872,-0.293325719283315,-0.454413763364459
"102","dplkwh",0.7,0,2.43,0.55,0.92,5500,3.08214285714286,1.04524538537156,0.666753127775194,0.637891481853499
"103","dpugvc",0.74,1,2.76,0.95,0.92,8270,2.78571428571428,1.41441326406888,0.378459602186962,0.267573566934912
"104","dpvifv",0.78,0.34,2.14,0.9,0.92,8560,3.11785714285714,1.71739779986375,0.991884430689722,0.577550775230069
"105","dqbybx",0.62,0.41,1.93,0.74,0.96,7015,2.525,1.06270998094926,0.933506534357033,0.878420783743073
"106","dqyugk",0.83,0.36,1.62,0.94,0.98,9025,3.28571428571429,1.89636661048565,1.16782190963295,0.615820750679574
"107","dqzxqz",0.77,0.77,2.56,0.93,0.94,8315,3.30357142857143,1.45442135887831,1.03850386387209,0.71403232463047
"108","drimwq",0.76,0.66,2.02,0.91,0.92,8365,2.97142857142857,1.43966873307508,0.847466980026537,0.588654153943024
"109","dsawqr",0.65,0,2.25,0.64,0.92,6400,3.30357142857143,0.765684863358577,0.402899578963626,0.526195042169646
"110","dsnkly",0.68,0.26,1.5,0.75,0.9,7340,2.97142857142857,1.05330918594295,1.29042894313968,1.22511885433189
"111","dtgeiu",0.757575757575758,0.101010101010101,1.18181818181818,0.797979797979798,0.9,7950,2.83214285714286,1.37144698459545,0.360081241804472,0.262555713672511
"112","dujbjm",0.68,0.02,1.51,0.68,0.82,6790,2.475,1.31652647791209,0.615628343824199,0.46761561894337
"113","dxlazu",0.72,0.25,1.57,0.8,0.901960784313726,7875,2.84285714285714,1.33538471834893,0.959437049910692,0.718472389812083
"114","dynaku",0.72,0.61,1.4,0.84,0.92,7720,2.55357142857143,1.14390021778728,-0.0556879059890316,-0.048682485695083
"115","dyooft",0.783505154639175,0.597938144329897,1.68041237113402,0.938144329896907,0.94,8665,3.07142857142857,1.52045910808772,1.22237101743823,0.803948630342056
"116","dzshew",0.76,0.49,1.73,0.93,0.92,8710,2.8,1.51548431050883,1.12443413112647,0.741963558005389
"117","dzwutt",0.61,0.02,2.19,0.61,0.78,6090,2.5,0.673373383530543,0.438634975929882,0.651399337511811
"118","eanonx",0.63,0.51,2.39,0.78,0.68,7530,2.21071428571428,0.838008087042061,0.00461569959081003,0.00550794158455223
"119","ebljup",0.66,0.17,1.52,0.75,0.92,7415,3.47142857142857,0.807087636406112,0.213341565342249,0.264335068112602
"120","ecwama",0.81,0.1,1.86,0.82,0.96,8150,2.91428571428571,1.72297303573438,1.29224181011716,0.750006984042194
"121","eebzpd",0.78,0.68,1.34,0.96,0.96,8960,3.05,1.8790093571883,1.10888046163407,0.590141000305271
"122","efpoli",0.79,0.2,2.34,0.87,0.96,8525,3.16071428571429,1.70468200939893,1.40331069276413,0.823209657300802
"123","efzxwg",0.72,0,1.98,0.72,0.92,7200,3.17142857142857,1.18289443118807,0.605930840767787,0.512244224667795
"124","egwsbn",0.73,0.49,1.77,0.86,0.98,8205,3.03928571428571,1.18165105472974,0.965267513078346,0.816880338078414
"125","eifhma",0.83,0.42,2.23,0.9,0.94,8790,3.11785714285714,1.93118503453428,1.05592198453343,0.546774113122762
"126","eiswyd",0.81,0.46,2.02,0.94,0.98,8960,2.74642857142857,1.61825887254618,1.32394049450301,0.818126516692547
"127","eitrhl",0.76,0,1.57,0.76,0.755102040816326,7600,2.93928571428571,1.37360606660288,1.0838012899072,0.789019003525217
"128","eiwwxk",0.71,0.72,1.36,0.8,0.84,7160,2.13928571428571,1.06848052902164,-0.0140788546274509,-0.0131765195949263
"129","elkjmj",0.73,0.8,1.76,0.95,0.9,8530,2.93571428571428,1.208096970339,1.22710416404613,1.01573316892086
"130","ellvss",0.77,0.54,1.9,0.89,0.92,8345,2.68214285714285,1.52234450880436,0.944185036429574,0.620217717454201
"131","eoxjqn",0.77,0.74,1.68,0.93,0.88,8360,2.79642857142857,1.41521938785762,1.15717601490659,0.817665462213838
"132","eqoewu",0.85,0.11,2.27,0.85,0.92,8445,3.40357142857143,2.01262157099227,1.6604651471062,0.825026011366631
"133","esqflm",0.65,0.41,2.13,0.82,0.9,7785,2.82142857142857,0.863695653367037,0.396415900549445,0.458976375536979
"134","eswilo",0.64,0.01,2.45,0.64,0.68,6395,2.75357142857143,0.6004727704682,0.256601075159328,0.427331742219137
"135","euqrbq",0.69,0.06,2.01,0.72,0.84,7155,2.52142857142857,1.27573200019003,0.398379259716632,0.312275038689389
"136","evepkm",0.79,0.96,1.93,1,0.94,8830,3.5,1.62539869244107,0.991417526786162,0.609953441821231
"137","eyfpac",0.82,0.45,1.91,0.96,1,9090,3.23928571428571,1.93153560622829,1.88792727826263,0.97742297484704
"138","eynyzb",0.73,0.12,2.13,0.77,0.94,7640,3.11071428571428,1.25154121839182,0.0122212496331089,0.0097649597580276
"139","eyqhub",0.67,0.42,2.26,0.79,0.88,7495,3.20714285714286,0.931511213606599,0.775261632867005,0.83226226538419
"140","ezjeew",0.72,0.03,2.34,0.7,0.82,6970,2.99285714285714,1.26211471132568,0.307315012498699,0.243492140406086
"141","eznslb",0.72,0,2.22,0.72,0.86,7200,2.65357142857143,1.20105098040455,1.16746086220574,0.972032729045772
"142","fcpdxx",0.71,0.42,2.36,0.81,0.86,7680,2.63214285714286,1.14698261823615,0.548139214588303,0.477896705558835
"143","fcvhfj",0.67,0.13,1.74,0.69,0.92,6805,3.01785714285714,1.01431105761354,1.26163642551232,1.24383581943855
"144","fecscw",0.82,0.42,2.07,0.93,1,8835,3.11785714285714,1.74536680855847,0.547217429613437,0.313525745379216
"145","feghua",0.81,0.29,1.84,0.89,0.98,8560,3.29285714285714,1.72974543224557,1.11660155494857,0.645529413827669
"146","fenvhz",0.65,0.81,2.17,0.95,0.96,8465,3.23214285714285,0.907937472612254,1.11424516919315,1.22722676704522
"147","feuuwp",0.66,0.05,2.07,0.68,0.96,6760,2.98928571428571,1.66817357210818,1.56002151394,0.935167383073032
"148","ffuzlq",0.73,0.67,1.82,0.67,0.583333333333333,5990,2.09285714285714,1.28872245720874,0.41090022047488,0.318843066772387
"149","ffyxau",0.74,0,2.38,0.76,1,7600,3.5,1.64186112052914,0.605106756685889,0.368549293920107
"150","fgeabe",0.64,0.19,2.91,0.65,0.72,6315,2.45714285714286,0.766862802307108,1.64092466908457,2.13978910458018
"151","fhhbde",0.79,0.21,2.24,0.82,0.9,8095,2.69285714285714,1.8751602095774,1.11794972387431,0.596188911307082
"152","firqwt",0.64,0.97,1.98,0.95,0.94,8265,3.13571428571428,0.733666182728856,0.329802122334155,0.449526133407789
"153","fjhhox",0.75,0.36,2.54,0.9,0.96,8595,2.92857142857143,1.5302278268596,1.566666296066,1.02381244711854
"154","fkoegk",0.72,0.43,1.85,0.71,0.88,6645,2.26785714285714,1.13138734751153,0.655734828422772,0.579584728311708
"155","flkgwb",0.777777777777778,0.383838383838384,1.67676767676768,0.909090909090909,0.92,8685,3.00714285714286,1.46616495177163,0.692525893098481,0.472338322002358
"156","flnpct",0.76,0.66,1.53,0.96,0.94,8880,3.23928571428571,1.39624107959109,1.31180418381958,0.939525561161512
"157","fnbpzd",0.73,0.45,2.14,0.84,0.94,7920,2.97142857142857,1.28438154093326,0.462187989748227,0.359852563290803
"158","fqocze",0.75,0.9,1.74,0.97,0.98,8575,3.48928571428571,1.31860566149477,1.25633660995478,0.952776593216353
"159","fqwihg",0.77,0.98,2.93,1,0.92,8760,3.46785714285714,1.42319500256785,1.44985029782429,1.01872919396734
"160","frgggq",0.66,0.98,1.7,0.83,0.9,7075,2.84285714285714,1.06056224353143,0.794490854280301,0.749122325564628
"161","frzlti",0.69,0.05,1.99,0.7,0.826923076923077,6975,2.80357142857143,1.05401792320353,1.28474141461616,1.21889902091169
"162","fshrly",0.666666666666667,0.181818181818182,1.95959595959596,0.747474747474748,0.78,7380,2.3,0.84332016581637,0.558290016647536,0.662014308773332
"163","fspizy",0.78,0.44,2.19,0.88,0.88,8300,2.80714285714286,1.5515583633531,0.565279914995885,0.364330423107158
"164","fvahyn",0.77,0.73,1.49,0.94,0.96,8510,2.95357142857143,1.45696109817233,0.666092244656021,0.457179155635381
"165","fviitc",0.72,0.51,1.81,0.86,0.86,8135,2.64642857142857,1.23899066025262,1.25249285776237,1.01089773954147
"166","fwxjrh",0.777777777777778,0.545454545454545,1.61616161616162,0.919191919191919,0.94,8485,2.86785714285714,1.43142677841435,1.0346895796195,0.722837937100537
"167","fxrahc",0.74,0.33,2.3,0.81,0.98,7725,3.11428571428571,1.47681098191338,0.961925044602648,0.651352851775496
"168","fxwsbo",0.73,0.99,1.93,1,0.92,8755,3.63571428571428,1.68235178529302,0.148932097304814,0.0885261326476219
"169","fyzauu",0.793814432989691,0.216494845360825,2.25773195876289,0.793814432989691,0.86,7705,2.55,1.79535758202549,1.38815429264625,0.773190982422655
"170","gagmbf",0.77,0.2,1.3,0.79,0.9,7755,2.70357142857143,1.42319500256785,0.361039553634975,0.25368242087947
"171","gciwnv",0.66,0.45,1.99,0.9,0.96,8520,3.44285714285714,0.911008171858348,1.82654553145813,2.00497162142047
"172","gdbpbi",0.63,0.7,2.12,0.85,0.66,7700,2.84285714285714,0.610654630445633,1.05003302638215,1.71952028860548
"173","gdolnp",0.74,0.5,1.48,0.83,0.84,7825,2.51785714285714,1.23573452810686,0.974183600022778,0.788343756579517
"174","gfdbje",0.79,0.54,2.16,0.98,0.92,9110,3.06785714285714,1.59849570551536,1.48311756465799,0.927820800231567
"175","gfoarr",0.63,0.35,2.15,0.7,0.92,6720,2.68214285714286,0.833069923555027,1.11998517693556,1.34440716831567
"176","ggnqys",0.74,0.38,1.63,0.83,0.82,7930,2.525,1.51985137701523,0.634058450761958,0.417184509190076
"177","ghztbc",0.68,0.16,2.05,0.71,0.84,6960,2.82142857142857,0.886202584843617,1.07848455370796,1.21697292713074
"178","gjgiel",0.686868686868687,0.181818181818182,2.44444444444444,0.707070707070707,0.8,6950,2.9,1.20830892262227,0.635827217056009,0.526212465332242
"179","gjopdx",0.67,0.03,2.75,0.69,0.84,6870,2.61428571428571,0.883670632045818,0.609360051734504,0.689578254200609
"180","gjtdnq",0.75,0.27,2.22,0.56,0.9,5270,2.84285714285714,1.30622164981261,1.26732189742367,0.970219638914632
"181","gjxsso",0.78,0.65,1.57,0.92,0.96,8320,2.63928571428571,1.47097096347641,0.798953237426586,0.543146844678963
"182","glhwwp",0.6,0.23,2.06,0.67,0.96,6480,3.01071428571429,0.495055170018735,1.1275319798772,2.27758853590909
"183","gllzes",0.82,0.38,1.97,0.91,0.96,8760,3.08214285714286,2.02424157087687,1.41278802240632,0.697934496915959
"184","glpcfn",0.78,0.01,1.1,0.8,0.98,7995,3.18928571428571,1.9526156483146,0.506279101495351,0.259282517751175
"185","gmbkiw",0.74,0.16,2.79,0.77,0.94,7545,2.83571428571428,1.26042538220755,1.00774043567153,0.799524073298603
"186","gmxrhy",0.7,0.28,2.93,0.81,0.9,7810,2.825,1.20916078616108,2.80089817509357,2.31639845349769
"187","gncyvf",0.75,0.37,2.11,0.87,1,8260,3.375,1.31595062213582,1.23765503819458,0.940502643013942
"188","gnuzlk",0.81,0.6,2.43,0.95,1,8855,3.12142857142857,1.88379275449892,1.51766450062418,0.805643028937049
"189","goxuod",0.8,0.99,2.41,0.92,0.96,7975,3.07142857142857,1.92450111534875,1.45870848322873,0.757967076035909
"190","gplujc",0.69,0.51,2.1,0.81,0.9,7485,2.73928571428571,1.15784828958168,0.174115874544335,0.150378832970632
"191","gpnmji",0.795918367346939,0.510204081632653,2.45918367346939,0.908163265306122,0.8,8680,3.06785714285714,1.65523077840673,0.543441261754944,0.328317518526354
"192","gqhgmb",0.66,0.17,1.92,0.72,0.98,6965,2.83571428571428,0.934884740335481,0.947001833767259,1.01296105595587
"193","gqxhoh",0.8,0.03,1.41,0.82,1,8185,3.42142857142857,2.06333965786524,0.814428987636179,0.39471396991361
"194","guylfo",0.74,0,1.77,0.73,0.84,7300,2.85357142857143,1.26052644959789,0.204806814715869,0.162477205282921
"195","gvqihj",0.77,0.02,2.22,0.78,0.9,7790,3.06428571428571,1.48898504014086,1.09923044818944,0.738241431952505
"196","gvwvxr",0.85,0.24,2.64,0.92,0.959183673469388,8930,2.97857142857143,2.01410601687993,2.34705445604769,1.16530829875755
"197","gwfgik",0.77,0.86,1.57,0.96,0.94,8495,3.325,1.333639705966,0.651065873937928,0.488187230048269
"198","gyjxpg",0.78,0.51,2.1,0.91,0.98,8560,3.05714285714286,1.58327421434454,1.00648232760032,0.635696784853526
"199","hadeyd",0.79,0,2.06,0.79,0.98,7900,2.925,1.66754907833491,1.45295019984759,0.871308808073221
"200","hblyif",0.82,0.6,2.07,0.99,0.94,9120,3.5,1.79703795081641,1.6413839629684,0.913383026898631
"201","hcvxup",0.85,0.06,2.83,0.87,0.959183673469388,8625,3.83571428571429,2.01410601687993,1.64588892539711,0.817180879061559
"202","hcymtv",0.63265306122449,0.255102040816327,1.80612244897959,0.673469387755102,0.96,6555,3.06071428571429,2.08423949459077,0.665823336352352,0.319456251587384
"203","hdwuou",0.69,0.87,1.3,0.96,0.9,8505,3.11785714285714,0.937968981490341,0.145246571021977,0.154852211414491
"204","hglblk",0.68,0.65,1.4,0.82,0.82,7500,2.73214285714286,1.02238436516246,0.595262111732234,0.582229278944074
"205","hhxwqj",0.68,0,2.75,0.68,0.84,6800,2.68214285714286,0.89045553512503,0.0689418979526634,0.0774231786239424
"206","hjdyci",0.680412371134021,0.0206185567010309,2.71134020618557,0.680412371134021,0.86,6690,3.175,0.897087246835646,0.975594038464443,1.08751299486836
"207","hjfxry",0.71,0.04,1.97,0.72,0.8,7180,3.43214285714286,1.5877267483104,0.903615000276368,0.569125009223383
"208","hmryhu",0.77,0.33,2.7,0.89,0.98,8555,3.58214285714286,2.4611220263268,2.27729172834162,0.925306305002867
"209","hnzvex",0.81,0.67,1.6,0.95,1,8670,3.31071428571428,1.69731153197579,0.424809281088247,0.250283623887089
"210","hoglcr",0.82,0.86,1.37,0.97,1,8715,3.74642857142857,1.80582158852048,0.431692390127592,0.239055947094574
"211","hokhfk",0.6,0.39,2.41,0.68,0.94,6380,2.43571428571428,0.70517737014693,0.703131380774835,0.997098617371019
"212","hpqxgd",0.7,0.05,1.17,0.72,0.92,7160,2.87142857142857,1.12474038738656,0.168478716602838,0.14979342654736
"213","hpwhsb",0.806122448979592,0.744897959183674,2.13265306122449,1,0.98,9190,3.30714285714286,1.74284143298888,1.49045651187054,0.85518767436834
"214","hqctox",0.727272727272727,0.181818181818182,2.73737373737374,0.727272727272727,0.96,7020,3.025,1.57748975388114,0.608576521414358,0.385787939298535
"215","hsrfoy",0.81,0.46,2.44,0.93,0.82,8845,2.91428571428571,1.74198699643837,1.33136666661598,0.764280485065655
"216","httgwu",0.67,0.12,1.78,0.7,0.92,6910,2.65714285714286,0.773844667814812,0.797183620992798,1.03015973896143
"217","hvemrb",0.704081632653061,0.0102040816326531,1.73469387755102,0.704081632653061,0.84,6995,2.83928571428571,1.18653059307166,1.14873245752034,0.968143985690688
"218","hwcgcn",0.63,0.11,2.83,0.65,0.89,6430,2.45357142857143,0.768964411183918,0.722409757490837,0.939457986590818
"219","hxfakm",0.82,0.2,1.33,0.86,0.96,8485,3.63214285714286,2.1433026630954,-0.140125108789522,-0.0653781247055187
"220","hxtgyv",0.81,0.04,2.58,0.8,0.96,7980,2.93214285714286,2.30675805226803,2.05883178825965,0.892521773679466
"221","hxuexr",0.78,0.58,1.35,0.96,0.88,9055,3.32142857142857,1.5190693882373,0.00162476083860005,0.00106957644672531
"222","hzzaku",0.7,0.79,2.15,0.89,0.88,7875,3.00714285714286,1.12474038738656,0.493619455507271,0.438874126903402
"223","hzzfod",0.64,0.3,2.61,0.73,0.94,6940,3.05357142857143,1.02797168914069,1.28045818155084,1.2456161926222
"224","ibayzr",0.75,0.36,1.41,0.83,0.9,8090,3.05714285714286,1.46791926664914,0.410587248680511,0.279706968911014
"225","ibcxza",0.85,0.87,1.78,0.99,0.94,8835,3.15,2.44253426919883,1.69602400162258,0.694370606386164
"226","ibkpyh",0.69,0.06,2.14,0.67,0.9,6670,2.96428571428571,1.00461795285414,0.439815279955526,0.437793569889927
"227","ibkwao",0.7,0.11,1.08,0.69,0.92,6830,2.975,1.5070096213973,0.650956037813656,0.431952144545759
"228","idstex",0.68,0.02,1.51,0.68,0.82,6790,2.75357142857143,1.11119600320167,-0.135371381231493,-0.121824935332245
"229","ifmmwr",0.77,0,2.62,0.77,0.72,7700,2.51071428571428,1.46332301519956,0.9337241117996,0.63808475784293
"230","igyzff",0.78,0.38,1.96,0.86,0.92,8125,2.55357142857143,1.42070822055282,0.721728393555036,0.50800606564675
"231","ihcdcg",0.7,0.8,2.01,0.88,0.96,7755,2.725,1.07864845155611,0.678032380503601,0.628594403974192
"232","ijarwt",0.72,0.19,1.6,0.77,0.84,7560,2.225,1.07838092271568,0.63980707472228,0.593303406287139
"233","ijsfnp",0.71,0.54,2.54,0.78,0.92,7050,2.70714285714286,1.7002860332497,1.41569990170574,0.832624554940303
"234","iklsnk",0.69,0.98,1.42,0.98,0.9,8575,3.45357142857143,1.29989570663596,0.773951253633667,0.595394884130052
"235","iloysj",0.85,0.7,1.34,0.97,0.96,8900,3.35714285714286,1.98753750708924,0.850041978021826,0.427686005919314
"236","imhoxw",0.83,0.04,2.95,0.5,0.94,4980,3.19642857142857,1.88535851181863,2.10521139633488,1.11661065157532
"237","imsbrm",0.65,0.14,2.75,0.69,0.82,6785,2.38928571428571,1.18672242311616,1.70951723658471,1.44053672812195
"238","inhaoh",0.67,0.14,2.69,0.7,0.92,6870,3.37142857142857,0.924102691829842,0.401510937885022,0.434487358856167
"239","iofhcq",0.64,0.22,1.34,0.61,0.98,5830,2.58214285714285,0.856826498455846,0.402893999963369,0.470216549895989
"240","ioslgp",0.75,0.42,2.13,0.89,0.92,8405,2.92142857142857,1.65555606252202,1.68317871320147,1.01668481744881
"241","iouylw",0.73,0.2,1.69,0.81,0.96,8000,2.73214285714286,1.23103083374206,0.727456131876315,0.590932503018636
"242","iqclbo",0.66,0.18,2.33,0.7,0.596153846153846,6910,1.92142857142857,0.904734126072086,0.530879564875211,0.586779640091648
"243","iqwtkc",0.68,0,2.2,0.67,0.96,6700,3.375,0.884391504966097,0.295294595624063,0.333895784803341
"244","isbnop",0.67,0.39,1.84,0.74,0.8,7160,2.29285714285714,0.884919902820414,0.150966223147173,0.170598743079474
"245","ixsmws",0.72,0.88,2.7,0.9,0.84,7945,3.20714285714286,1.06779876460344,0.983253691353247,0.920823027659535
"246","ixvtqf",0.65,0.41,2.11,0.75,0.92,7145,2.18214285714285,0.774898784299962,0.904356752268688,1.16706435807055
"247","iywhck",0.63,0,1.71,0.63,0.74,6300,2.58928571428571,0.653795233080556,0.382391988955443,0.58488035642855
"248","izwkwu",0.828282828282828,0.242424242424242,1.73737373737374,0.909090909090909,0.9,8795,2.61785714285714,1.86758128795502,1.37300545846088,0.735178418907969
"249","jacczd",0.74,0.96,1.22,0.96,0.96,8385,3.01071428571429,1.30482720626072,-0.449986611148303,-0.34486298951249
"250","jcuxyo",0.83,0.01,2.82,0.86,1,8580,3.25357142857143,1.93118503453428,1.95297512826555,1.01128327598941
"251","jdahvu",0.64,0.08,2.59,0.67,0.88,6645,2.50357142857143,1.04184023089875,0.905696214217344,0.869323517518653
"252","jezfis",0.65,0.56,1.53,0.77,0.94,7060,2.71785714285714,0.893231122114104,0.633462119351858,0.709180528610083
"253","jgcsqj",0.68,0.8,1.43,0.87,0.92,7835,2.54285714285714,0.936503861924713,0.177220763762825,0.189236554132942
"254","jgdskx",0.81,0.4,1.79,0.91,0.94,8720,3.48214285714286,1.83662365395994,2.21520655110881,1.20612981670611
"255","jhpqla",0.7,0.29,2.68,0.78,0.94,7505,3.41428571428571,1.18749986383339,1.36502861851952,1.14949791582548
"256","jhqjpe",0.65,0.03,2.6,0.67,0.92,6670,2.93928571428571,0.893231122114104,-0.178975739660406,-0.200368902548766
"257","jhtupl",0.79,0.51,2.11,0.96,0.9,8895,2.775,1.58913991605098,2.06524803764152,1.29960113441343
"258","jhyvze",0.71,0.21,1.62,0.72,0.94,7005,3.23928571428571,1.46523379268552,0.76364072914939,0.521173298733281
"259","jiqfny",0.77,0.89,2.25,0.94,0.98,8235,2.79642857142857,1.44461169668688,1.22218400519943,0.846029426455863
"260","jixpqi",0.84,1,1.41,0.99,0.98,8650,3.12857142857143,1.92012594458939,0.52008220804792,0.27085838276048
"261","jkptjy",0.84,0.14,2.01,0.91,0.9,8985,3.15714285714286,2.03133027343132,1.25362190993535,0.617143320479213
"262","jlfixn",0.76530612244898,0,2.66326530612245,0.775510204081633,0.94,7700,2.99285714285714,1.39336856171773,1.90676469435313,1.36845680801244
"263","jmylld",0.83,0.44,2.44,0.98,0.92,9295,3.20714285714286,1.7750128676783,1.65628600589725,0.933112112062407
"264","jnfzqs",0.75,0.24,2.09,0.78,0.78,7515,2.69285714285714,1.31785969356514,0.934971639867267,0.709462201805362
"265","joeqsc",0.68,0.57,2.52,0.76,0.94,6925,3.09285714285714,0.981960877579869,0.0982584327087487,0.100063490259322
"266","jopdlo",0.7,0.5,1.27,0.69,0.82,6320,2.61785714285714,1.31393154014001,0.989969959785314,0.753441050421715
"267","joyfft",0.79,0,2.9,0.79,0.9,7900,2.92857142857143,1.97239459383923,1.54417595341535,0.782894030554831
"268","jrtisq",0.78,0.01,1.65,0.78,1,7795,3,1.51135746526861,0.704609186259087,0.466209485479902
"269","jtwonb",0.69,0.15,2.61,0.71,0.72,6995,2.15,0.967624458198592,0.867991869412576,0.897033825528243
"270","jtxjuq",0.77,0.52,2.14,0.88,0.92,8165,3.04642857142857,1.84444416321312,1.07731138242868,0.584084573507473
"271","jtygsi",0.64,0.06,2.42,0.67,0.9,6640,2.71428571428571,1.10473073035416,0.502977075184352,0.455293820805642
"272","judblj",0.78,0.46,1.65,0.88,0.92,8285,3.23571428571428,1.51135746526861,0.933328749567561,0.617543348291651
"273","jukxbe",0.67,0.04,2.43,0.67,0.94,6680,3.09285714285714,1.06938362396158,0.948716903524864,0.887162363689746
"274","juupje",0.78,0.64,1.59,0.89,0.88,8070,2.66785714285714,1.58402289594819,0.337402611804708,0.213003620508112
"275","jvkjna",0.78,0.03,2.75,0.8,0.98,7970,3.4,1.61181681013637,1.27148304613467,0.788850840950778
"276","jwqspm",0.68,0.27,2.46,0.76,0.76,7300,3.17857142857143,1.00772618091746,0.188915261940594,0.187466859071379
"277","jykmtv",0.72,0.7,1.62,0.91,0.98,8270,3.31785714285714,1.45837240073504,1.20279176897851,0.824749404454092
"278","jzppss",0.8,0.5,1.38,0.91,0.92,8610,3.04285714285714,1.72131337067168,0.905207501981811,0.525881874506434
"279","kbzpof",0.69,0.04,1.35,0.71,0.86,7080,2.77857142857143,1.36094674355924,0.348705700505789,0.256222884661768
"280","kcfyur",0.82,0.71,2.67,0.93,0.98,8270,3,1.93153560622829,1.94083377573462,1.00481387424408
"281","kcvwdy",0.83,0.47,2.52,0.94,0.98,8880,3.38571428571428,2.06724029173508,2.12973973948678,1.03023327670304
"282","kcwukt",0.74,0,2.88,0.74,0.82,7400,3.1,1.1928160769283,1.58912367041981,1.33224534876498
"283","kercbg",0.7,0.5,2.05,0.68,0.78,6520,2.83928571428571,1.300426664299,0.472790359980891,0.363565568871007
"284","kfudwt",0.79,0.72,1.95,1,0.98,9115,3.62142857142857,1.7067858259954,2.0596385166399,1.20673518919031
"285","kgwbhk",0.68,0.44,1.66,0.76,0.92,7080,3.15,0.948852628141327,0.192597429322783,0.202979286361946
"286","kgxmtq",0.71,0.01,1.12,0.71,0.82,7080,2.50357142857143,1.05719232726579,-0.858265175213135,-0.811834472382961
"287","kixjzf",0.68,0.07,2,0.71,0.92,7050,2.68571428571428,0.946208826828323,0.717721068346968,0.75852290530068
"288","kjflkk",0.818181818181818,0.323232323232323,1.80808080808081,0.878787878787879,0.82,8540,2.89642857142857,1.91580175658138,-0.486509398516564,-0.253945585364066
"289","kjkazt",0.65,0.57,1.62,0.76,0.96,7135,2.91785714285714,1.18672242311616,0.93897917782635,0.791237411155279
"290","kkqlca",0.66,0.32,2.21,0.71,0.68,6820,2.37857142857143,0.970063775061467,0.723803266772746,0.746139877996045
"291","klxivo",0.65,0.03,1.99,0.55,0.88,5485,2.78571428571428,0.765684863358577,0.107797027787731,0.140785110097245
"292","klysaz",0.8,0.39,2.83,0.89,0.88,8420,3.10714285714286,1.6433588937706,2.19043281696561,1.33289984632619
"293","kmrbnx",0.65,0.83,1.52,0.79,0.88,6960,2.42857142857143,0.860226143157815,0.85291672881692,0.991502915368204
"294","kmzquz",0.63,0.11,1.85,0.69,1,6815,3.17142857142857,0.628741057805966,1.25649138904009,1.99842426932433
"295","kmzxxa",0.67,0.66,2.26,0.88,0.9,8035,2.92142857142857,0.889278690904032,1.429220939867,1.60716877002199
"296","kpbdjo",0.69,0.1,2.62,0.7,0.88,6950,2.92857142857143,1.04408616255245,1.24905402830995,1.19631317137316
"297","kpdohs",0.77,0.71,1.67,0.93,1,8450,3.26428571428571,1.52798929407731,0.859561547505411,0.562544221243687
"298","kprqar",0.7,0,1.86,0.7,0.78,7000,2.34642857142857,1.06083090157941,-0.149501588393028,-0.140928764584859
"299","krxwne",0.74,0.05,2.46,0.74,0.96,7330,3.38214285714286,1.423715491941,0.779665137307692,0.54762706574524
"300","ktnytd",0.64,0.16,1.91,0.66,0.88,6430,2.42857142857143,0.710355942965134,0.900592516448566,1.2678045779266
"301","ktpttj",0.61,0.01,1.28,0.61,0.94,6095,2.72857142857143,0.583488784857117,0.365332358936022,0.626117190967918
"302","ktxpbs",0.78,0.73,1.72,0.99,1,9055,3.43214285714286,2.1105932488014,1.56374121718452,0.740901269381282
"303","kufzqi",0.68,0.17,2.26,0.7,0.86,6870,2.69285714285714,1.11393721535669,0.824008847650166,0.739726473171394
"304","kwkhzd",0.72,0.88,1.35,0.88,0.98,7745,3.14285714285714,1.03623426474613,0.553176775058789,0.533833703322207
"305","kxaghb",0.78,0.1,2.14,0.81,0.98,7990,2.97857142857143,1.61548518623408,0.976630119969514,0.604542912737055
"306","kxkdyb",0.82,0.75,1.6,0.95,0.94,8600,2.82142857142857,1.78143311300461,0.378664910334883,0.212561957881325
"307","kzmcvn",0.72,0.38,1.62,0.83,0.9,7975,2.81071428571428,1.18289443118807,0.613854945031404,0.518943135453653
"308","lavesl",0.81,0.09,2.81,0.84,0.98,8340,3.15357142857143,1.82070752144817,1.72314182351486,0.946413305385972
"309","lbbqnj",0.73,0.59,1.46,0.81,0.92,7505,2.62857142857143,1.32681839639325,-0.168061381579419,-0.126664946790207
"310","lbjoyk",0.64,0.09,1.22,0.65,0.68,6455,2.18214285714286,0.662928275829727,-0.356107699531326,-0.537173797701748
"311","leazpy",0.61,0.05,2.04,0.62,0.98,6145,2.95357142857143,0.733235783185512,1.17193805265812,1.5983099564054
"312","lelagn",0.73,0.62,1.46,0.96,1,8795,3.15,1.14444557452822,0.766652649151936,0.669890002823398
"313","lelxwg",0.8,0.11,2.83,0.83,0.9,8215,3.23571428571428,1.90462601868421,1.58011472365905,0.829619415128359
"314","leqwab",0.85,0.63,1.65,0.99,0.94,9225,3.225,2.05277996672723,1.09901046268826,0.535376650445601
"315","lfthma",0.76,0.51,2.31,0.86,0.929292929292929,8330,2.86428571428571,1.36463670287503,0.353079626372501,0.258735255785389
"316","lgrlmx",0.736842105263158,0.589473684210526,1.88421052631579,0.8,0.92,7475,2.59285714285714,1.2033171360714,0.922638991964808,0.766746325060279
"317","lhlkvz",0.68,0,1.1,0.68,0.88,6800,2.92142857142857,0.960083070257047,0.294147334874758,0.306376962564296
"318","ljolbg",0.82,0.45,2.41,0.95,0.88,8975,3.08571428571429,1.76811625643254,1.80428468464194,1.02045591067771
"319","lkplix",0.84,0.1,2.93,0.88,0.94,8720,3.23928571428571,1.95999715119866,1.60585773140077,0.819316359933836
"320","lkxpgl",0.85,0.6,1.94,0.99,0.92,9135,3.32857142857143,2.00791680759684,2.15423457254422,1.07287043187935
"321","lncucz",0.73,0.01,2.2,0.73,0.92,7295,2.82142857142857,1.25154121839182,0.204996989472118,0.163795635700701
"322","lngbfe",0.7,0.12,1.84,0.72,0.84,7140,2.39285714285714,1.02422916820938,0.929894681188277,0.907897089880753
"323","lngbmu",0.707070707070707,0.131313131313131,2.81818181818182,0.737373737373737,0.9,7290,2.58214285714286,0.973674790243257,0.705661302360318,0.724740241229846
"324","lnzwwx",0.83,0.09,2.86,0.85,0.96,8455,3.27857142857143,1.86685647376894,1.59500379894065,0.854379445528853
"325","lqltox",0.82,0.3,1.44,0.88,0.86,8515,3.63214285714286,1.82467269961569,-0.0457861296825132,-0.0250927904451886
"326","lrfzrf",0.73,0.93,1.55,1,0.96,8830,3.38571428571428,1.18677862976106,0.0910226619125266,0.076697253919084
"327","lrkrws",0.8,0.44,2.29,0.96,0.9,9005,3.59642857142857,1.83915252582832,2.03317621895804,1.10549624917179
"328","lrpxdy",0.68,0,1.11,0.68,0.94,6800,2.67142857142857,0.912339537931356,-0.280505546249449,-0.307457404384193
"329","lvuiiw",0.85,0.81,2.85,0.99,0.96,8940,3.48571428571428,1.94329180249902,2.9913218772625,1.53930658968239
"330","lxhajy",0.73,0.76,1.54,0.84,0.76,7525,2.21071428571429,1.25154121839182,0.429640033343783,0.343288760314147
"331","lzdjiv",0.85,0.64,2.32,0.94,0.88,8675,2.93214285714286,2.16448762676762,1.90814695943493,0.881569816263861
"332","lzppjw",0.84,0.81,1.19,0.98,1,8870,3.38928571428571,2.03133027343132,-0.490905281331861,-0.241666895705062
"333","maolcx",0.7,0.8,1.38,1,0.98,9120,3.13571428571429,2.0362111459112,1.76486028329452,0.866737365050984
"334","mewwfa",0.670103092783505,0.298969072164948,1.7319587628866,0.680412371134021,0.84,6605,2.51785714285714,1.00108419988522,0.742008821646293,0.741205207045887
"335","mfkxfk",0.7,0.48,2.28,0.76,0.88,6970,2.825,1.0044417376398,0.0852465558456952,0.0848695874048448
"336","mhzyeo",0.75,0.91,1.75,0.94,0.86,8300,3.21428571428571,1.42051600422816,0.393264833278414,0.276846464318504
"337","mimvuu",0.78,0.72,2.27,0.99,0.96,8970,3.125,2.14677603557603,1.71331228183852,0.798086178271877
"338","mjgdmz",0.84,0.8,1.33,0.98,0.94,8830,3.175,1.93725802964155,0.428573705712181,0.221226960556969
"339","mjhfql",0.73,0.09,1.4,0.76,0.94,7525,2.43571428571428,1.35265973329084,0.508520946005435,0.375941512480948
"340","mkgyhl",0.72,0.05,1.22,0.71,0.7,7060,1.775,1.15063005507686,0.109903021969834,0.0955155147259673
"341","mlkhsr",0.72,0.15,2.28,0.81,0.8,8010,2.98214285714286,1.16286780054058,1.51933826990785,1.30654427717541
"342","mlpttd",0.71,0.62,2.38,0.98,0.96,9070,2.92142857142857,1.5877267483104,1.73248705768651,1.09117457366651
"343","mohzyo",0.8,0.77,1.81,1,0.98,9060,3.23214285714285,2.26038011438084,1.77936182903988,0.787195842734301
"344","mszdlx",0.77,0.73,2.41,0.94,0.9,8435,2.87857142857143,1.51550229792004,1.77276659312891,1.16975513370184
"345","mtozef",0.7,0.06,2.04,0.72,0.82,7170,2.48214285714285,1.04443693815621,-0.64632879945355,-0.618829893736374
"346","mtzjkp",0.64,0.07,1.65,0.57,0.82,5665,2.76071428571429,0.672216050865883,1.13515474917772,1.68867546039034
"347","muihwb",0.71,0.6,2.07,0.8,0.78,7385,2.72142857142857,1.09434844994929,0.31947499510517,0.291931692433041
"348","mvybfw",0.767676767676768,0.505050505050505,2.42424242424242,0.929292929292929,0.94,8700,3.08214285714286,1.42807208119045,0.947217574357627,0.663284148492016
"349","mwcwuf",0.77,0.38,2.01,0.88,1,8355,2.88214285714286,1.42482694142189,1.31774939846438,0.924848737875034
"350","mxzfze",0.79,0.44,2.36,0.92,0.98,8635,3.29285714285714,1.62817269324196,1.73542000829341,1.06586974188709
"351","mzdlia",0.84,0,2.01,0.83,0.9,8300,3.44642857142857,1.89991577833776,0.356193972233717,0.187478822111448
"352","mzqxjn",0.72,0.49,1.89,0.83,0.92,7875,2.92142857142857,1.93847568456489,0.866693820029008,0.447100692017988
"353","mzrzkm",0.74,0.88,1.26,0.93,0.92,8260,2.71071428571428,1.33075947882045,0.529045926984654,0.397551875755631
"354","nbcywg",0.68,0.57,1.79,0.78,0.8,7065,2.71785714285714,1.02425393931748,0.332571607683819,0.32469643993308
"355","nbfcaj",0.75,0.02,1.12,0.76,0.86,7590,2.81071428571428,1.31860566149477,0.377464514464321,0.286260347188581
"356","nbxucu",0.7,0.73,1.64,0.88,1,8045,2.88928571428571,1.15874010581685,1.07268367626438,0.925732759986068
"357","nbzrsb",0.838383838383838,0.98989898989899,1.07070707070707,0.939393939393939,0.98,8170,2.93928571428571,2.04293417523103,-0.189380049175327,-0.092700025028418
"358","ncnqpf",0.72,0.23,2.14,0.78,0.96,7445,2.98571428571428,1.32755636893638,1.05847215984132,0.797308637590549
"359","ncokke",0.75,0.14,2.68,0.77,0.9,7600,3.25,2.01073547100636,1.17162712684964,0.582685859847715
"360","ndwnrq",0.653061224489796,0.204081632653061,1.41836734693878,0.744897959183674,0.94,7340,3.03214285714286,1.18419034289706,0.447992106731385,0.378310893530339
"361","neizjm",0.68,0.24,1.3,0.73,0.92,7105,2.44642857142857,0.936503861924713,0.937141380649942,1.00068074329552
"362","nelftx",0.69,0.34,2.3,0.82,0.92,7850,2.775,0.975568492364495,1.08458721795184,1.11174892018408
"363","nevioo",0.82,0.25,2.18,0.87,0.96,8545,3.11785714285714,1.77606694748745,0.476853607824524,0.268488532202637
"364","nezfrh",0.84,0.54,2.13,1,0.98,9340,3.65,2.81086807550635,2.03669332372954,0.724578055255278
"365","nfnlfa",0.65,0.51,2.13,0.68,0.84,6230,2.44642857142857,1.28757921010102,0.521490361905172,0.405016140221972
"366","nfxfmw",0.74,0,2.85,0.74,0.86,7400,2.65,1.25595109063319,1.90461015831113,1.51646841387026
"367","ngdoqc",0.72,0.29,1.87,0.83,0.68,7960,2.40714285714286,1.14853575192953,1.65233584016611,1.43864554271837
"368","nhidua",0.757575757575758,0.0303030303030303,1.51515151515152,0.757575757575758,0.96,7585,3.11785714285714,1.56076507070779,-0.103520889273832,-0.0663270156519368
"369","nhywid",0.83,0.32,2.06,0.85,0.94,8160,2.95,1.93851501248994,0.345653351318492,0.178308318012207
"370","nilhjs",0.76,0.14,2.38,0.82,0.86,8040,3.13928571428571,1.39364510679293,1.54927565659081,1.11167157911243
"371","niwbif",0.71,0.14,2.17,0.69,0.86,6785,2.63214285714285,1.0883418691391,0.372217339240659,0.342004061219375
"372","nkszmf",0.68,0.38,2.09,0.78,0.9,7370,2.69642857142857,0.886202584843617,1.04484810356263,1.17901721506151
"373","nndgxg",0.67,0.88,1.58,0.92,0.96,8130,2.65357142857143,0.947155161578305,0.79015889577401,0.8342444066475
"374","nobrng",0.68,0.6,2.85,0.79,0.9,7210,2.9,1.05330918594295,0.946932667339231,0.899007319006255
"375","nprjub",0.75,0.16,2.78,0.84,1,8245,3.21785714285714,1.84508167073993,1.9160626927209,1.03847039570476
"376","npzbol",0.76,0.99,1.35,0.99,0.92,8655,2.975,1.5018059080417,0.250067037752833,0.16651088959885
"377","nslgbj",0.81,0.05,2.76,0.82,0.96,8175,2.97857142857143,1.70200679572654,1.68445862460016,0.989689717355743
"378","nvmegy",0.81,0.49,1.9,0.91,0.86,8675,3.01428571428571,1.66689204487717,0.421737204979583,0.253008109478776
"379","nvpgwx",0.73,0,1.99,0.73,0.96,7300,3.03214285714286,1.10732785060589,0.843488962683366,0.761733719802894
"380","nvsaqm",0.79,0.03,2.33,0.69,0.9,6885,3.45357142857143,1.52280038426042,0.911691916261392,0.598694304049689
"381","nybffa",0.71,0.3,1.81,0.8,0.86,7820,2.80714285714286,1.17605288396596,0.679258176149421,0.577574516767293
"382","nycqoi",0.79,0.02,2.72,0.8,0.98,7975,3.18214285714285,1.69440372596867,0.362096657923138,0.213701523653184
"383","nytflt",0.63,0.35,2.33,0.71,0.94,6715,2.82857142857143,1.47451780552437,0.93188620179799,0.631993861523153
"384","nzyghd",0.76,0.15,2.69,0.81,0.857142857142857,7890,2.89285714285714,1.73304046903108,1.83992271552169,1.0616732548377
"385","oaqvbo",0.77,0.29,2.26,0.89,1,8560,3.36071428571428,1.57225785209345,1.24160841109209,0.789697700945744
"386","ocbzli",0.75,0.01,2.71,0.75,0.84,7495,2.81071428571428,1.4512925423942,0.171267533233961,0.118010344731339
"387","odgqoe",0.646464646464647,0.464646464646465,2.73737373737374,0.828282828282828,0.84,7635,2.88571428571428,0.910220863143442,0.818075682642263,0.898766130032489
"388","ogljea",0.8,0.85,1.42,0.91,0.96,8090,2.875,1.62734819854888,0.680415446850614,0.418113005844322
"389","ohdvkt",0.81,0.03,2.63,0.81,0.92,8085,2.74642857142857,1.66755453060738,1.66980155119297,1.00134749451628
"390","oimpcd",0.73,0.26,2.74,0.86,1,8275,2.99642857142857,1.19644263265326,1.73228495531768,1.44786294640481
"391","ojsfil",0.81,0.31,2.64,0.85,0.7,8150,3.45,1.76330044310384,1.7008757962351,0.964597838608344
"392","ojuatf",0.62,0.29,2.01,0.67,0.8,6420,2.41785714285714,0.554922942702654,0.0879113372386177,0.158420801292628
"393","okplxr",0.673469387755102,0.0306122448979592,2.71428571428571,0.693877551020408,0.86,6970,2.87857142857143,0.880095849466815,0.53819485030341,0.611518450665871
"394","okpumv",0.8,0.06,2.91,0.84,1,8340,3.34642857142857,1.71419518652958,2.47814719586005,1.44566220657585
"395","omoymc",0.75,0.27,1.74,0.87,0.82,8505,2.83571428571429,1.46910637262164,0.905794347282427,0.616561444537214
"396","onqkar",0.73,0,1.08,0.74,0.94,7400,3.225,1.32681839639325,-0.100228771056476,-0.0755406853936697
"397","ontubi",0.77,0.21,2.59,0.85,0.88,8335,2.86428571428571,1.44461169668688,1.3366570552169,0.925270824182328
"398","ooawan",0.8,0.02,2.35,0.8,0.94,7975,3.03214285714286,1.62734819854888,0.993251793074477,0.610349889446013
"399","oohvdj",0.71,0.06,2.33,0.74,0.88,7310,3.33571428571429,1.14698261823615,0.957931832100686,0.835175543962307
"400","ooieql",0.67,0.88,2.21,0.94,0.84,8330,2.73928571428571,0.730233883007754,1.40260358689498,1.92075938892045
"401","orcavs",0.78,0.65,2.09,0.97,0.96,8835,3,2.17045435110311,1.70669675623706,0.786331560195979
"402","orvvwx",0.72,0.51,2.18,0.86,0.94,8060,2.95,1.39873453688179,0.919119957724282,0.657108217098354
"403","osdqwd",0.77,0.2,2.41,0.86,0.92,8380,3.00357142857143,1.45442135887831,0.936957909802827,0.644213524563084
"404","ouilkv",0.6,0.84,1.35,0.72,0.74,6270,2.26785714285714,0.517538084984362,0.33432301768758,0.645987275888464
"405","outdmj",0.68,0.65,1.58,0.91,0.98,8370,3.48214285714286,2.10972711612054,1.50726185757126,0.714434509588559
"406","oyypyc",0.78,0.01,2.36,0.77,0.96,7695,2.87142857142857,1.68472937770331,0.679640348529883,0.403412178552021
"407","ozewqu",0.66,0.18,2.18,0.7,0.8,6865,2.53928571428571,0.970063775061467,1.02855443073242,1.06029568073217
"408","ozlaej",0.76,0,2.27,0.75,0.96,7500,2.74642857142857,1.42709197844798,1.79289667225979,1.2563287435822
"409","ozwfau",0.69,0.76,1.1,0.84,0.82,7630,3.19642857142857,1.27573200019003,-0.00539227780754109,-0.00422681080880458
"410","ozxobt",0.77,0,2.64,0.76,0.9,7600,2.76785714285714,1.38609204695887,0.356886717280445,0.257476924467943
"411","paigmf",0.73,0.5,2.34,0.81,0.86,7595,2.96785714285714,1.31108106967151,1.11684553851698,0.851850861363442
"412","pbquyl",0.74,0.15,2.2,0.81,0.98,8010,3.1,1.29574299444033,1.59635201113297,1.23199740842317
"413","pclugh",0.72,0.18,2.14,0.8,1,7910,3.45357142857143,1.37830307715525,1.76766067000629,1.28249054892532
"414","peinrf",0.67,0.43,2.27,0.87,0.86,8155,2.76785714285714,0.831674549876261,1.27738064755665,1.53591407570028
"415","pfrawm",0.66,0.04,2.46,0.67,0.94,6680,2.9,0.774565430336672,0.43599487052531,0.562889658444737
"416","pgkbhm",0.72,0.58,2.11,0.85,0.88,7805,2.56428571428571,1.16143061250267,0.216159591425474,0.186114942294909
"417","phhtcc",0.684210526315789,0,2.86315789473684,0.705263157894737,0.78,7100,2.325,1.08048416019515,1.52639522579197,1.41269560630697
"418","piubso",0.85,0.21,2.11,0.91,0.98,8965,3.075,2.11692270911671,0.765486381956669,0.361603368257157
"419","pjyvgj",0.64,0.36,2.18,0.71,0.86,6800,2.29285714285714,0.814929309323093,0.31656409789298,0.388455899513454
"420","pluazs",0.68,0.52,1.12,0.64,0.64,6065,2.41785714285714,0.653412505527404,0.120359286088585,0.184201075232614
"421","poxeeu",0.680412371134021,0.103092783505155,2.35051546391753,0.690721649484536,0.862745098039216,6920,2.40714285714286,0.831306886588595,0.0284102795754274,0.034175441144261
"422","ppbepo",0.82,0.85,2.27,0.99,0.96,8905,3.29285714285714,1.74175454462661,0.445493395349536,0.255772776206557
"423","ppblhf",0.84,0.95,1.21,1,0.8,8820,3.52142857142857,1.98381437181502,0.200820166052807,0.101229313037527
"424","pppvmf",0.76,0.72,2.58,0.92,0.9,8420,3.63928571428571,1.39364510679293,0.490528903529802,0.351975478648659
"425","ppxqdi",0.84,0.55,1.7,0.96,0.94,8905,3.13928571428572,2.05200841530765,0.866233220169881,0.422139214297525
"426","pqnglx",0.74,0.53,2.18,0.9,0.96,8465,3.03214285714286,1.77003965321349,0.764670672498441,0.432007650851317
"427","prbxzz",0.85,0.32,2.63,0.92,0.94,8800,3.15714285714286,2.11692270911671,1.32136494809354,0.624191399337808
"428","psdjjy",0.744897959183674,0.173469387755102,1.8469387755102,0.775510204081633,0.8,7715,2.63928571428571,1.23732591007475,1.09197171958481,0.882525542133718
"429","pueagy",0.83,0.74,2.46,0.95,0.92,8650,3.32857142857143,1.91885874782147,1.00399116704194,0.523223071099842
"430","pwmkoa",0.78,0.39,1.87,0.88,0.98,8335,3.85357142857143,1.51447685712309,0.716960092459983,0.473404455860702
"431","pwrgag",0.76,0.86,2.28,0.97,0.98,8670,3.00714285714286,1.36778495063645,0.127678892491561,0.0933471979145185
"432","pypzdd",0.7,0.15,2.89,0.77,0.98,7505,2.85714285714286,1.27031981519153,2.52892403110166,1.99077744112837
"433","pyuakf",0.85,0.04,1.95,0.86,0.92,8565,3.05357142857143,1.84058484320435,0.116275217797263,0.0631729736483296
"434","pywqsk",0.69,0.04,2.9,0.71,0.9,7065,3.61071428571429,1.3705025505024,1.47103166179036,1.07335200598576
"435","pzlxpd",0.62,0.65,2.56,0.72,0.7,6485,2.52857142857143,0.617228349833784,0.501249240590392,0.812096917980802
"436","qbjmlb",0.65,0.02,2.65,0.66,0.82,6590,3.02857142857143,1.18672242311616,0.344230553997229,0.290068298442806
"437","qcdkcx",0.72,0.2,1.52,0.8,0.92,7900,3.03571428571429,1.93847568456489,1.5855249869293,0.817923587875794
"438","qcisop",0.82,0.07,2.26,0.83,0.94,8265,2.88571428571428,1.78892357268171,0.922309063435273,0.515566499049859
"439","qdqvvw",0.68,0.26,1.06,0.75,0.92,7355,2.57857142857143,1.05939242958529,0.358202870993187,0.338121040881338
"440","qejmwe",0.76,0.44,2.13,0.93,0.98,8915,3.2,1.40992883449782,1.12495551524665,0.797881061597924
"441","qfkldg",0.71,0.49,1.82,0.94,1,8825,3.26785714285714,1.31841021233835,1.80221685918748,1.36696215056696
"442","qfqqcg",0.71,0.11,1.75,0.72,0.9,7130,2.74642857142857,1.12431706209583,0.730073529067736,0.649348438870803
"443","qfrirw",0.65,0.13,1.96,0.68,0.8,6720,3.08928571428572,1.31298147897337,0.0478141897763088,0.0364164998075182
"444","qfxfal",0.76,0.06,2.43,0.77,0.98,7655,3.18214285714286,1.47380199209706,1.79477634135693,1.21778661650684
"445","qgegor",0.82,0.21,2.81,0.88,0.96,8575,3.23214285714286,1.78892357268171,1.48319495413896,0.829099116803271
"446","qgsxyv",0.85,0.31,2.01,0.93,0.86,9010,2.99642857142857,2.18240525226226,0.639532109612433,0.293040034131837
"447","qhjbdc",0.74,0.75,2.33,0.91,0.96,8275,2.79285714285714,1.45339823940103,0.881879510950128,0.606770730170668
"448","qidndc",0.6,0,2.2,0.6,0.68,6000,1.33571428571429,0.491429793833267,0.667628021507317,1.35854201329485
"449","qkxdlc",0.82,0.6,2.38,0.97,0.94,8950,2.93571428571429,1.78143311300461,1.65893334707012,0.931235270614299
"450","qnskfi",0.77,0.16,2.61,0.87,0.98,8545,3.19642857142857,1.48898504014086,1.90114956699107,1.27680904491238
"451","qogqua",0.693877551020408,0.0408163265306122,1.46938775510204,0.704081632653061,0.84,7080,2.58214285714286,1.00087556504666,0.647456236191167,0.646889842056424
"452","qozgyz",0.79,0.08,2.66,0.83,0.86,8245,2.90357142857143,1.99994306989441,1.50395264579658,0.751997728553336
"453","qpcbmy",0.72,0.31,2.57,0.82,0.82,7790,2.37142857142857,1.12224482135841,1.58109185444565,1.40886536017322
"454","qpknfg",0.81,0.28,1.36,0.9,0.94,8665,2.96071428571428,1.8040895187185,0.417992838337348,0.23169185009969
"455","qpunhj",0.69,0.74,1.56,0.75,0.82,6530,2.81071428571428,0.965815740295936,-0.43587931223974,-0.451306904675402
"456","qrhngp",0.646464646464647,0.252525252525253,2.18181818181818,0.737373737373737,0.92,7125,2.75,0.773128202344957,1.40871306760115,1.82209504623995
"457","qstero",0.828282828282828,0.656565656565657,1.46464646464646,0.96969696969697,0.96,8940,3.16428571428571,1.97773022332614,1.33126311660927,0.673126749496882
"458","qsveuf",0.68,0.24,2.09,0.73,0.82,7045,3.08928571428571,1.00772618091746,1.32434740399979,1.3141937056692
"459","qwjohq",0.8,0.47,2.09,0.94,0.96,8880,3.26071428571428,1.59352403190541,1.32323957774325,0.830385705674625
"460","qwuoax",0.62,0.24,1.51,0.67,0.76,6565,2.32142857142857,0.6117135469043,-0.0527785757056976,-0.0862798870039648
"461","qxomlv",0.69,0.04,1.68,0.7,0.8,6980,2.75714285714286,0.955286327237401,0.829830599777042,0.868672120720951
"462","qxyoxz",0.61,0.02,1.18,0.6,0.84,5960,2.76071428571429,1.54479464249114,0.0544219597911268,0.0352292520275483
"463","qzqbxm",0.7,0.71,1.81,0.87,0.94,8030,2.85714285714286,1.24959667473979,0.828937974513322,0.663364420912799
"464","raiien",0.7,0.95,2.52,0.93,0.9,8090,3.22857142857143,1.3649135772375,1.07626002060389,0.788518803353228
"465","raulaz",0.78,0.46,2.52,0.97,0.98,9200,3.40714285714286,2.60685253689982,2.80922771401493,1.07763200037229
"466","rbmaov",0.64,0.17,1.43,0.68,0.88,6715,2.75,0.704497006741004,0.340602916476447,0.483469643188511
"467","rbvojg",0.77,0.01,2.9,0.78,0.94,7795,3.31071428571429,2.06219300070374,2.50637224368405,1.2153916936139
"468","rciguo",0.83,0.45,2.22,0.97,0.9,9160,3.16785714285714,1.85660380480744,1.3522283945513,0.728334387255851
"469","rcnozv",0.81,0.12,2.15,0.83,1,8195,3.83928571428571,1.87576228830952,1.48565529391691,0.792027488331593
"470","rdagus",0.72,0.56,1.92,0.91,0.92,8505,3.23214285714286,1.26211471132568,1.33233129581853,1.0556340749876
"471","rdbssq",0.85,0.08,2.87,0.88,0.98,8745,3.25,2.05277996672723,2.55583705524249,1.24506137855451
"472","rdjdwd",0.75,0.3,1.26,0.86,0.96,8435,2.95,1.60470868271181,1.18618885578545,0.73919264509799
"473","rdwchy",0.84,0.44,1.59,0.9,0.98,8735,3.69285714285714,1.96231714743298,0.585938088518196,0.298594999939075
"474","remicc",0.65,0.15,1.79,0.71,0.88,6950,2.53928571428571,0.729009761150553,0.689123890829829,0.945287604575042
"475","rezzyp",0.85,0.12,2.14,0.86,1,8495,3.21785714285714,2.01630034483192,1.21716882157245,0.60366444150656
"476","rhavsq",0.64,0,2.68,0.64,0.9,6400,2.59285714285714,0.698182074111846,0.2148581674337,0.307739449923604
"477","riwsez",0.73,0.16,1.2,0.77,0.74,7605,2.71428571428571,1.23016414733283,0.207309021213163,0.168521429975534
"478","rjyjlg",0.75,0.39,1.51,0.76,0.88,7120,3.00357142857143,1.21490884700868,0.175217829954998,0.144223025773839
"479","rkcvfz",0.6,0.35,2.13,0.64,1,6000,3.06428571428571,1.26066965026329,0.192682861600781,0.152841675502016
"480","rknolh",0.85,0.45,2.13,0.98,1,9245,3.35357142857143,1.93811692172081,1.86598516467037,0.962782556489732
"481","rmaczh",0.82,0.61,1.88,0.99,1,9205,3.52142857142857,2.35958864673694,2.05997751334707,0.873023997719177
"482","rmopmn",0.82,0.8,2.76,0.97,0.94,8835,3.53928571428571,1.82040288782508,0.278910769663393,0.153213759178673
"483","rmwgqs",0.83,0.61,1.87,0.97,1,9005,3.29642857142857,2.36398083539576,1.4725680957312,0.622918795991284
"484","roelld",0.81,0.7,1.21,0.88,1,7910,2.91785714285714,1.71736934890948,-0.0476920296901574,-0.0277703976261376
"485","ropqoj",0.65,0.77,1.97,0.9,0.94,8105,2.73928571428571,0.862352164836533,-0.0217056959050311,-0.025170338511466
"486","rprqfi",0.66,0.07,2.5,0.7,0.86,6965,2.35357142857143,0.779639455829131,0.733049616311819,0.940241814124498
"487","rqkgfv",0.61,0.23,1.38,0.68,0.86,6685,2.69642857142857,0.573893458004035,0.466220539934344,0.812381694602042
"488","rqzdvs",0.75,0.76,1.67,0.98,0.94,8970,3.07142857142857,1.34364609613534,0.781142033337955,0.581359954518318
"489","rqzshj",0.71,0.72,1.68,0.88,0.94,7915,2.71071428571428,1.08000248612814,0.177474621853063,0.164327975289499
"490","rrmesi",0.82,0.35,2.56,0.94,0.96,9060,3.18928571428571,1.76811625643254,2.05844848010705,1.16420426124032
"491","rrpatk",0.74,0.17,2.85,0.75,0.88,7265,3.07142857142857,1.32841233329043,-0.814708207039834,-0.613294672612555
"492","rstsnh",0.76,0.51,1.62,0.83,0.94,7745,2.77857142857143,1.46278441939021,1.21083777371465,0.827762285176244
"493","rtulhu",0.78,0.66,2.14,1,0.94,9235,3.15357142857143,2.06043246962878,1.520911992066,0.738151827096776
"494","rtxupj",0.787878787878788,0.222222222222222,2.03030303030303,0.838383838383838,0.94,8260,2.87142857142857,1.56876154626706,0.611576725424196,0.389846836110606
"495","rukzhk",0.68,0,2.08,0.65,0.8,6500,2.63928571428571,0.869885586427839,0.220464045110469,0.253440278296596
"496","rwburd",0.69,0.02,1.35,0.69,0.86,6890,2.63214285714286,0.975568492364495,0.450545061930655,0.461828221654294
"497","rwyest",0.76,0.08,2.74,0.76,0.9,7560,2.72142857142857,1.46278441939021,0.643043778323776,0.439602561935846
"498","rwzpep",0.67,0.03,2.04,0.67,0.84,6685,2.69642857142857,0.694044161444853,0.761446722286384,1.09711566581183
"499","rxtzup",0.81,0.93,1.94,1,0.96,8890,3.3,1.82470070929352,0.862508633869617,0.472684988544538
"500","sanzxy",0.778947368421053,0.0105263157894737,2.24210526315789,0.789473684210526,1,7895,2.99642857142857,1.49989733568982,1.64057360779407,1.09379060070104
"501","sauxzf",0.79,0.28,1.22,0.84,1,8170,3.03571428571428,1.60026296662802,-0.373464974937723,-0.233377252817808
"502","sbgsnp",0.83,0.54,2.21,0.97,0.94,9055,3.49285714285714,1.89126254673546,2.15777735047896,1.14091898779656
"503","scntot",0.69,0.23,2.14,0.79,0.94,7755,2.79642857142857,1.32554168383991,1.19982244475818,0.905156329209095
"504","sdwqvn",0.85,0.01,1.77,0.82,0.84,8095,3.53571428571428,2.06305565354317,0.409002026654174,0.198250602668783
"505","seggwv",0.77,0.37,2.38,0.89,0.98,8505,3.3,1.93194499019739,2.09704642983038,1.08545866495718
"506","senyuo",0.8,0.14,1.56,0.82,0.84,8055,2.60714285714286,1.64001853981967,0.595342043285541,0.363009337291396
"507","sfadvb",0.73,0.66,1.55,0.88,0.9,8095,2.82142857142857,1.17799119439615,0.394048915725396,0.334509220102778
"508","sftkat",0.67,0.16,2.01,0.71,0.838235294117647,6980,2.8,0.889111706387809,0.579491405687593,0.651764453807374
"509","siblig",0.77,0.4,1.53,0.92,0.857142857142857,8835,2.95357142857143,1.87376178473587,1.0505679004947,0.560673138417534
"510","sicirx",0.72,0.07,1.89,0.73,0.88,7235,2.38214285714286,1.12174790718027,0.2118378435013,0.18884621236673
"511","sjbaqj",0.82,0.07,2.84,0.84,0.84,8365,2.92857142857143,1.76154280012025,0.755783436422173,0.429046308934746
"512","sjsouq",0.63,0.02,2.78,0.62,0.92,6190,2.61428571428571,0.668318256915085,-0.828091305407744,-1.23906731087994
"513","skeetv",0.73,0.01,2.01,0.72,0.98,7195,3.19642857142857,1.27789896764293,0.280111100632365,0.21919659356876
"514","snshfr",0.802083333333333,0.885416666666667,1.92708333333333,0.989583333333333,0.9,8870,3.26785714285714,1.61843363202995,0.398851862261183,0.246443137591571
"515","soychp",0.74,0,1.71,0.72,0.88,7200,2.98214285714286,1.36795490686007,-0.670856077007424,-0.490408034390017
"516","srvvpn",0.83,0.32,1.73,0.9,0.92,8630,3.3,1.81650594667518,1.28312140965261,0.706367855277962
"517","ssmshi",0.63,0.18,2.02,0.64,0.86,6310,2.18214285714286,0.875214697422533,1.26778312602654,1.44853957521521
"518","ssrwqq",0.72,0.6,1.56,0.82,0.96,7695,2.86428571428571,2.33320296591257,1.26392803977045,0.541713712109954
"519","sstnyt",0.75,0.13,2.24,0.78,0.98,7705,3.00357142857143,2.04087041649899,1.79519637273376,0.879622909039628
"520","stueok",0.71875,0.145833333333333,2.19791666666667,0.78125,0.98,7585,3.29642857142857,1.61466630241481,1.51742341344733,0.939775240975764
"521","supifp",0.74,0.03,1.09,0.75,0.96,7485,2.91428571428571,1.31698207404447,0.356114314133289,0.270401792971757
"522","swlyjv",0.74,0.97,1.32,0.75,0.74,6295,2.325,1.1928160769283,0.163073701342903,0.136713198704402
"523","sxeqsx",0.757575757575758,0,1.90909090909091,0.757575757575758,0.94,7600,3.01071428571429,1.36178023280174,1.07022053466278,0.785898127233717
"524","szuaim",0.84,0.41,2.19,0.94,0.92,8940,2.94285714285714,1.7964382384431,1.15997748769745,0.645709639705042
"525","taarym",0.71,0.5,1.8,0.83,0.877551020408163,7720,2.68214285714285,1.29222220196319,1.21271870594624,0.938475367551985
"526","tfnhuh",0.78,0.25,1.95,0.8,0.78,7755,2.88928571428571,1.492479709997,0.696399249245589,0.466605505308336
"527","thsqoy",0.72,0.36,1.78,0.77,0.92,7295,2.7,1.24139503562892,0.384003030519359,0.309331856095923
"528","tiircw",0.71,0,2.14,0.72,0.94,7200,2.91071428571428,1.09434844994929,0.0669114082666757,0.0611426902188022
"529","tjpjme",0.75,0.02,2.86,0.74,0.9,7390,2.96428571428571,1.33787178887416,1.66408483482872,1.24382982634612
"530","tjslvz",0.622448979591837,0.683673469387755,1.57142857142857,0.816326530612245,0.82,7275,2.79285714285714,0.650967190569038,1.00035923038383,1.53672757225963
"531","tjxwnl",0.74,0.68,1.94,0.83,0.94,7660,2.82857142857143,1.47681098191338,0.723423427786186,0.489855124755985
"532","tkddyw",0.64,0.09,2.13,0.66,0.72,6540,2.31071428571429,0.881028138042556,0.26952129704484,0.305916786771027
"533","tkiuxl",0.72,0.84,1.6,0.9,1,7950,2.69285714285714,1.15063005507686,0.591050045718663,0.513675132255418
"534","tlbhgj",0.76,0.29,2.26,0.84,0.94,8060,2.99285714285714,1.5018059080417,0.928245183073026,0.618085984415538
"535","tljqgt",0.755102040816326,0.642857142857143,1.48979591836735,0.86734693877551,0.96,8045,2.71428571428571,1.35782625970826,0.797430682897047,0.587284770194663
"536","tlmbpc",0.72,0.36,2.52,0.81,0.64,7650,3.02857142857143,1.12412262274001,1.05470735168698,0.938249378093791
"537","tnojna",0.78,0.26,2.1,0.89,0.92,8575,3.42857142857143,1.54255013965497,-0.160617544716884,-0.104124683268195
"538","togdqf",0.62,0.12,2.36,0.67,0.82,6640,2.35,0.599607931100312,0.891233332462703,1.48636014674997
"539","tsgzjk",0.683673469387755,0.326530612244898,2.52040816326531,0.806122448979592,0.84,7725,2.77857142857143,0.927667503516086,1.18113197287837,1.27322771187046
"540","tuahjl",0.73,0.58,2.1,0.94,0.88,8735,3.66428571428572,1.32681839639325,0.704022436444449,0.530609492872744
"541","tudrgk",0.66,0,2.02,0.67,0.76,6700,3.09285714285714,0.87879061768306,0.388054498450481,0.441577880603221
"542","tunbov",0.6,0.63,2.95,0.62,0.82,5330,2.48928571428571,0.79343319486867,0.633655101858855,0.798624390757609
"543","tusseo",0.696969696969697,0.373737373737374,2.62626262626263,0.808080808080808,0.94,7750,2.74285714285714,1.28266223265218,1.84598420596549,1.43918185082017
"544","tvfgvw",0.744897959183674,0.5,1.19387755102041,0.846938775510204,0.98,7890,2.58571428571428,1.21066352232355,0.191726706808533,0.158364981907247
"545","tvnyeh",0.68,1,2.45,0.82,0.94,6950,2.98571428571429,1.14862781325552,1.47806798355852,1.28681193899465
"546","twhwwl",0.7,0.45,1.75,0.84,0.96,7950,2.46071428571428,1.02339777611736,0.503024455579749,0.491523889653307
"547","txkdyt",0.727272727272727,0.0707070707070707,2.32323232323232,0.737373737373737,0.94,7350,2.60714285714286,1.29280958621341,0.937565624780463,0.725215557479396
"548","tycaqn",0.73,0.26,2.56,0.79,0.92,7620,2.67142857142857,1.32749228992126,0.998321821078815,0.752035871438495
"549","tykzjy",0.62,0.25,1.75,0.72,0.88,7030,2.83571428571428,0.597411192242838,0.48206945199341,0.806930734229458
"550","tzlsew",0.7,0.18,1.6,0.71,0.92,6980,2.45357142857143,1.13086591044191,1.12113043612328,0.991391132910862
"551","uamkuy",0.84,0,2.43,0.84,0.98,8400,3.22142857142857,1.85175631327846,0.898268800378087,0.485090178408917
"552","udzhke",0.71,0,1.48,0.71,0.96,7100,3.03928571428571,1.12431706209583,1.11572896414249,0.992361498154858
"553","ufguqm",0.7,0.18,2.85,0.75,0.9,7320,2.68928571428571,0.986788034752569,1.85565905584381,1.88050421214228
"554","ufhfuv",0.8,0.7,1.74,0.86,0.96,7935,2.71071428571429,1.7535068337359,1.01131706624736,0.576739734793456
"555","ufhprl",0.75,0.01,2.39,0.75,0.94,7495,2.42857142857143,1.46910637262164,0.855674550509549,0.582445605339377
"556","ugcqsq",0.73,0,1.71,0.7,0.94,7000,3.20357142857143,1.34383162260083,0.834049475913,0.6206502822867
"557","ugfplf",0.81,0.43,2.19,0.95,0.94,8940,3.19642857142857,1.74311105091676,1.11616786560516,0.640330898606906
"558","uhbswz",0.82,0.77,1.67,1,0.96,9045,3.30714285714286,2.35427149863334,1.67956761542968,0.713412882246024
"559","uhsxyv",0.6,0.01,2.28,0.6,0.76,5980,2.15,0.499515991358102,0.234459770839203,0.469373903729779
"560","uibzfo",0.61,0.31,2.75,0.68,0.56,6410,2.05357142857143,0.43992636736602,0.429239492971068,0.975707583841955
"561","uirolo",0.66,0.04,1.34,0.65,0.8,6480,2.00357142857143,0.762032755628488,0.0831027042701719,0.109053979184442
"562","ujazba",0.75,0.06,1.92,0.76,0.96,7555,2.69285714285714,1.38548143109484,0.788808821965507,0.569339151187449
"563","ukkrwh",0.68,0.6,1.34,0.78,0.88,7080,2.67857142857143,0.969969966185001,0.561706811054619,0.579097117062164
"564","ulcuhw",0.68,0.73,2.26,0.92,0.86,8340,2.86428571428571,0.843576237104373,1.01962716333583,1.20869592869966
"565","umsydg",0.85,0.73,1.92,0.98,0.94,8940,2.98571428571428,2.02607749187986,1.48087129214632,0.730905554245272
"566","upspxt",0.747474747474748,0.696969696969697,1.73737373737374,0.929292929292929,0.92,8580,2.99642857142857,1.32265494227871,0.658399020036996,0.497785929641395
"567","uqgulm",0.74,0.72,1.15,0.85,0.92,7735,2.83571428571428,1.26970875567268,-0.210996489328532,-0.166177076739734
"568","uqpkkw",0.806122448979592,0.683673469387755,1.35714285714286,0.969387755102041,0.96,8830,2.93571428571428,1.68157423617643,0.458568075500088,0.272701653982747
"569","uracvw",0.63,0,1.89,0.63,0.82,6300,2.425,0.606986834803486,1.28662203736454,2.11968689202476
"570","usduom",0.8,0.27,1.55,0.9,0.88,8715,2.63928571428571,1.6697941408851,1.12978974687589,0.67660421079034
"571","ushmwj",0.71,0.97,1.7,0.88,0.86,7610,2.56071428571428,1.05326079090203,0.443710768795612,0.421273413601214
"572","utivyu",0.69,0.12,1.37,0.71,0.86,6965,2.61071428571429,0.95692829127449,0.0283303774824055,0.0296055386184409
"573","uueazc",0.78,0.01,1.92,0.78,0.98,7795,3.2,1.5515583633531,0.926493895320946,0.597137637361371
"574","uwnxou",0.717171717171717,0.626262626262626,1.65656565656566,0.919191919191919,0.88,8480,2.75357142857143,1.40189881363523,1.06087258287457,0.756739767917804
"575","uxwsge",0.79,0.97,1.39,0.99,0.96,8665,3.72142857142857,1.60865268255149,0.106667682190068,0.0663087087393425
"576","vcemew",0.69,0.07,1.16,0.71,0.94,7065,2.22857142857143,0.979381653014469,-0.0935106159636867,-0.0954792400652672
"577","vcuixl",0.62,0.17,2.06,0.61,0.62,5940,1.75,0.593940662268341,0.076562788683907,0.128906460775902
"578","vdydgj",0.76,0.46,2.02,0.84,0.94,7975,2.71071428571429,1.37866115973955,0.550138052788839,0.399037899125822
"579","vewebq",0.68,0.34,2.55,0.73,0.82,6980,2.96785714285714,0.933587091648101,1.78900170653352,1.91626654067733
"580","vgxwui",0.71,0.24,2.31,0.77,0.86,7460,2.33571428571428,1.0883418691391,0.516267971514974,0.474361950186985
"581","vhcpzn",0.606060606060606,0,2.5959595959596,0.616161616161616,0.8,6100,3.00714285714286,0.556012616074122,1.01257894512204,1.82114382992175
"582","vlxrmt",0.81,0.1,1.87,0.86,0.96,8505,3.01785714285714,2.0744314928004,1.01059563615844,0.487167515372696
"583","vmwiiv",0.76,0.08,2.94,0.76,0.96,7560,3.21428571428571,1.57888229246631,2.18763651079985,1.38556022905458
"584","vmxmde",0.74,0.11,2.33,0.81,0.96,8015,3.6,1.36795490686007,1.04093515068212,0.760942590623425
"585","vndqrn",0.727272727272727,0.424242424242424,2.75757575757576,0.727272727272727,0.88,6805,2.57142857142857,1.21356749649194,1.27412762845001,1.04990256589199
"586","vnrxhl",0.83,0.49,2.08,0.95,0.9,8925,3.26428571428571,1.96904208749357,1.92665604954026,0.978473777568026
"587","vokgop",0.67,0.18,1.84,0.75,0.82,7410,2.8,0.868217946089522,0.785483015400007,0.904707186643451
"588","vovqnr",0.84,0.27,2.24,0.93,0.88,8955,3.44285714285714,2.23704576585126,1.63682169412243,0.731688961892817
"589","vpeoav",0.82,0.28,2.02,0.89,0.94,8550,2.63928571428571,1.80279270967381,1.96672328599729,1.09093146175033
"590","vppufq",0.6,0.04,1.54,0.61,0.84,6080,2.275,0.490359200376465,0.459259877141505,0.936578485299992
"591","vqiuhs",0.73,0.59,2.46,0.92,0.942307692307692,8490,3.04285714285714,1.25755302836574,1.01139450697944,0.804255951173528
"592","vrodkk",0.74,0.26,2.03,0.8,0.94,7720,2.96071428571428,1.47681098191338,0.550613827932376,0.372839743661029
"593","vsohaa",0.78,0.32,2.7,0.89,0.94,8650,3.42142857142857,2.14677603557603,1.56071088353898,0.727002191973047
"594","vtshoo",0.77,0.44,1.65,0.89,0.84,8365,2.98571428571429,1.23349456196869,0.891607935984679,0.722830860771407
"595","vumkpn",0.73,0.32,2.86,0.81,0.72,7760,2.93928571428571,1.15563916729524,0.431533320814614,0.373415277906003
"596","vuxvkr",0.793814432989691,0.381443298969072,2.07216494845361,0.948453608247423,0.84,9150,3.14285714285714,1.79535758202549,1.09536339621699,0.610108764506524
"597","vwwhkg",0.73,0.27,1.91,0.77,0.9,7565,2.68214285714286,1.25755302836574,0.759422673796041,0.603889185319648
"598","vzwblg",0.83,1,1.65,0.93,0.94,8050,3.03928571428571,2.08093019641122,0.148401190079755,0.0713148333066088
"599","waiosh",0.74,0.45,1.56,0.81,0.88,7725,2.94642857142857,1.28685238585067,0.379664124351857,0.295033158834984
"600","waqmdf",0.68,0.78,1.97,0.75,0.88,6660,2.37142857142857,0.912339537931356,-0.00991300393382052,-0.0108654766363599
"601","wblvzc",0.74,0.1,2.33,0.73,0.979591836734694,7205,2.88571428571429,1.36074752042904,1.00286537991322,0.736995926766066
"602","wcpavc",0.71,0.01,2.67,0.72,0.84,7195,3.27857142857143,1.46523379268552,0.653135188932062,0.445754931528693
"603","wduzij",0.77,0.51,1.53,0.92,0.98,8675,3.01428571428571,1.45099731131738,0.798323660780615,0.550189620996474
"604","webcou",0.804123711340206,0.381443298969072,2.51546391752577,0.958762886597938,0.96,9105,3.67857142857143,1.67478070592654,2.2629607831794,1.35119826444828
"605","wedehs",0.65,0.19,1.73,0.67,0.68,6530,2.51428571428572,0.635167660807064,0.219307881039103,0.345275577727688
"606","wetvle",0.69,0.05,1.99,0.69,0.94,6815,2.89285714285714,1.20528071956075,0.962446340392212,0.798524629799904
"607","wfwfen",0.84,0.47,2.4,0.96,1,8990,3.58214285714286,2.64707536786637,2.76257905063477,1.04363445188246
"608","wgyuhs",0.78,0.37,2.25,0.81,0.9,7720,3.05,1.66827162823104,1.39020897337296,0.833322913275865
"609","whcayi",0.75,0.23,2.29,0.81,0.96,7850,3.725,1.45459922217906,0.735940568836728,0.5059404388614
"610","wijioo",0.81,0.03,2.26,0.82,0.92,8185,3.00357142857143,1.87576228830952,1.33399651173293,0.711175675109214
"611","wixagw",0.79,0.78,1.47,0.91,0.9,8245,2.92142857142857,1.55687736395148,0.752490325860192,0.483333076376877
"612","wizxub",0.78,0.02,2.5,0.69,0.9,6875,3.45357142857143,1.50689988262463,-0.178967510361585,-0.118765362201681
"613","wjieli",0.7,0,1.62,0.7,0.84,7000,2.31428571428571,0.986788034752568,-0.404808241495871,-0.410228161711927
"614","wlblkz",0.68,0.14,1.16,0.71,0.88,7030,2.94285714285714,1.07070471188283,0.784557209774416,0.732748442280387
"615","wlkttx",0.82,0.35,2.83,0.94,0.9,9045,2.9,1.77606694748745,0.998318821952539,0.56209526525159
"616","wmfglg",0.74,0.01,2.92,0.74,0.9,7395,3.11785714285714,1.4800368234089,1.50758973333747,1.0186163678449
"617","wmuiyt",0.75,0.02,2.56,0.76,0.9,7590,2.96071428571428,1.31595062213582,0.922077040726662,0.700692735134779
"618","wnmwin",0.82,0.01,2.02,0.82,0.96078431372549,8195,3.15,1.79480071738731,0.0403666634455788,0.0224908888516272
"619","wnyjgz",0.79,0.14,1.73,0.82,0.86,8100,2.68214285714286,1.60911869428093,0.734792002320113,0.456642511787157
"620","wnyuax",0.79,0.89,1.18,0.9,0.96,7895,2.78571428571428,1.60026296662802,-0.541777408226523,-0.338555237185876
"621","woilsy",0.71,0.32,1.85,0.82,0.96,7890,2.83571428571428,1.21371446322802,1.18470819605306,0.976101242875684
"622","wpkqvw",0.7,0.02,1.25,0.7,0.92,6990,2.48571428571429,1.14899233074232,0.140916262088707,0.122643344362156
"623","wqdbfl",0.77,0.99,1.49,0.98,0.92,8570,3.16071428571428,1.45135793376598,0.171454041173635,0.118133533558291
"624","wqiotn",0.78,0.87,1.32,0.97,0.92,8710,3.03214285714286,1.82690332114233,0.217735951663749,0.119183072877443
"625","wqtxpa",0.81,0.2,2.77,0.91,0.92,8925,2.92142857142857,1.98976924062217,2.1125172769134,1.06168958378955
"626","wqyqdy",0.75,0.54,2.24,0.83,0.84,7670,2.88928571428571,1.56825162511289,1.02408143262357,0.653008366912968
"627","wtdyqx",0.62,0.11,1.79,0.68,0.9,6670,2.83214285714286,0.602006499049553,0.311500257443158,0.517436701987361
"628","wttzoo",0.816326530612245,0.510204081632653,2.25510204081633,0.989795918367347,0.92,9260,3.17142857142857,1.80621140127388,1.4474197268119,0.801356765764554
"629","wvlnpd",0.83,0.87,1.4,0.95,0.9,8420,2.55357142857143,1.89126254673546,0.692119714284598,0.365956442948272
"630","wxajhf",0.79,0.39,2.45,0.94,0.96,8965,2.98571428571428,1.71887252485592,1.35963619023022,0.791004667634782
"631","wztkob",0.85,0.22,2.43,0.93,0.92,9025,3.11428571428571,2.31440676873265,2.1870859910974,0.944987726723177
"632","wzubrp",0.85,0.32,2.92,0.9,0.9,8720,2.90714285714286,2.0519774050165,2.43877097434551,1.18849796707479
"633","xakfhm",0.85,0,2.08,0.85,0.98,8500,3.33214285714286,2.02557859064378,0.738134345391674,0.364406668198975
"634","xaoaob",0.68,0.27,2.22,0.68,0.88,6505,2.47857142857143,0.89045553512503,0.319448186193263,0.358746926255457
"635","xcgaji",0.7,0.28,2.53,0.8,0.92,7695,2.50714285714286,1.04443693815621,1.13744942735075,1.08905515095889
"636","xdbfyb",0.676767676767677,0.818181818181818,1.58585858585859,0.878787878787879,0.86,7930,2.70714285714286,0.98449981486972,0.64632517391818,0.656501061916104
"637","xdcxqc",0.78,0.12,1.44,0.82,0.88,8080,2.71785714285714,1.51932176559731,0.385974879897236,0.254044198297583
"638","xddxry",0.79,0.68,1.76,0.99,0.96,9110,3.61428571428571,1.81788673103961,2.20827820155291,1.21475016228874
"639","xdekgz",0.72,0.49,1.39,0.83,0.98,7980,2.74642857142857,1.14246494574137,0.551736659834788,0.482935307460793
"640","xdmyfp",0.72,0.41,1.6,0.85,0.86,8010,2.56071428571429,1.1377153131012,0.830938592881022,0.730357219695005
"641","xekjss",0.76,0.98,1.43,1,0.98,8790,3.25357142857143,1.61721798345872,0.406832718994517,0.251563316235472
"642","xflnqd",0.61,0,1.95,0.61,0.86,6100,2.58571428571428,0.57272722926171,-0.0657711752886391,-0.11483856874314
"643","xfypfa",0.77,0.49,1.28,0.84,0.96,8125,3.13214285714286,1.47090413851899,0.129699124507904,0.0881764631096181
"644","xgkaqk",0.64,0.07,2.86,0.64,0.86,6320,3.07142857142857,0.679668855379204,-0.155407175550578,-0.228651312062655
"645","xheerd",0.77,0,2.03,0.77,0.903846153846154,7700,2.96785714285714,1.44694042409577,0.493181965621277,0.340844693678026
"646","ximllb",0.84,0.18,1.46,0.87,0.94,8535,2.58928571428571,1.89359732127967,0.382036596478935,0.201751762207162
"647","xioffr",0.77,0.48,2.24,0.95,0.92,8930,3.08571428571429,1.51559360811662,1.42188935721326,0.938173234301375
"648","xjtley",0.81,0.34,2.27,0.91,0.94,8765,2.81785714285714,1.82470070929352,1.80733336999063,0.99048208880808
"649","xkmsjz",0.69,0.2,1.83,0.72,0.857142857142857,7040,2.51071428571428,0.883775086973372,0.45371315317025,0.513380790947686
"650","xkrlnk",0.85,0.54,2.03,0.95,0.94,8840,3.01071428571429,2.19474449960764,1.71405420584091,0.780981205852134
"651","xlpdgo",0.71,0.36,1.56,0.8,0.74,7730,2.80357142857143,1.1564607295072,0.00874582582432976,0.00756257917037667
"652","xmphih",0.65,0.85,1.94,0.88,0.76,7700,2.76428571428571,0.752305150714114,1.37492302488436,1.82761346719377
"653","xmweot",0.65,0.01,2.41,0.67,0.8,6695,2.41071428571429,0.751311280819014,1.53683677606719,2.04553933276746
"654","xnabbm",0.71,0.6,1.89,0.92,1,8495,3.48928571428571,1.91034454540348,2.17689386377694,1.1395294471957
"655","xnjzqm",0.73,0.08,2.34,0.76,0.9,7530,3.08214285714286,1.17799119439615,1.12944698181759,0.95879068297837
"656","xnooab",0.77,0.18,2.08,0.81,0.92,7995,3.075,1.45099731131738,1.6142702774776,1.1125246510705
"657","xoqkix",0.755102040816326,0.448979591836735,2.04081632653061,0.86734693877551,0.94,8205,2.78214285714286,1.38258041754666,0.696358801484188,0.503666038261886
"658","xpcolh",0.72,0.71,2.11,0.79,0.96,7065,2.52857142857143,1.15063005507686,0.140534592454029,0.12213707771143
"659","xplctl",0.77,0.75,1.26,0.99,0.92,9000,3.03928571428571,1.55332944135538,0.780358691694555,0.502378098887795
"660","xpzdjb",0.78,0.01,1.65,0.79,0.9,7895,2.92142857142857,1.52341497938964,1.02726643287434,0.674318190888418
"661","xqcdbk",0.76,0.37,2,0.9,0.94,8635,2.99642857142857,1.32123885642484,1.43075952810706,1.08289240900663
"662","xtllrj",0.78,0,2.73,0.78,0.92,7800,2.83928571428571,1.56962537452231,1.73883008634417,1.10779942435204
"663","xtzyio",0.78,0.91,1.23,0.95,0.98,8415,2.88214285714285,1.50590496967086,0.525759355983658,0.349131828749175
"664","xudmvh",0.831578947368421,0.989473684210526,1.15789473684211,0.989473684210526,0.9,8655,2.96428571428571,1.93225174113308,-0.213763092775093,-0.110629007713944
"665","xujmhe",0.846938775510204,0.0612244897959184,1.93877551020408,0.642857142857143,0.96,6455,3.17142857142857,1.98911647467557,0.0754033629941884,0.0379079676601075
"666","xuslik",0.68,0.02,1.28,0.68,0.92,6790,2.71071428571428,1.23059359580824,0.835337716667065,0.678808763114376
"667","xxrgdy",0.81,0.26,2.9,0.86,0.94,8350,3.05357142857143,1.81255096344091,1.71908300231016,0.948432919671777
"668","xzbmos",0.8,0.14,1.83,0.81,0.9,7970,2.57142857142857,1.66026249813065,0.0222406704862451,0.0133958759601489
"669","xzslwo",0.64,0.76,1.45,0.7,0.7,6065,2.31071428571428,0.849963882456414,0.0797667987508293,0.0938472803341968
"670","yajqbj",0.68,0.42,2.46,0.75,0.84,7020,2.03214285714286,0.990317677964043,-0.245839465882994,-0.248243034889982
"671","ybjqrd",0.75,0.44,2.04,0.83,0.84,7825,3.15357142857143,1.38632025141515,0.559032281227678,0.403249018873539
"672","yccctj",0.818181818181818,0.868686868686869,1.06060606060606,0.98989898989899,0.94,8895,3.28214285714286,2.11709082614172,-0.30075863353229,-0.142062225115021
"673","ycqvca",0.69,0,2.4,0.69,0.98,6900,3.03928571428571,0.947681661891281,0.763512481417202,0.805663454427794
"674","ydkkgb",0.85,0,2.35,0.85,0.98,8500,3.73214285714285,2.06305565354317,1.75254971977706,0.849492216444651
"675","ydlfeg",0.78,0.27,2.41,0.86,0.941176470588235,8285,2.76071428571428,1.6264451540737,1.27729491517251,0.785329226733106
"676","yduire",0.77,0.76,1.11,0.97,0.96,8900,2.87857142857143,1.4867768217362,0.317782395455409,0.213739137447888
"677","ydxkpc",0.63,0.41,1.75,0.73,0.74,6915,2.50714285714286,0.646501759636431,0.90656823614662,1.40226723691586
"678","yeezsi",0.83,0.64,1.15,0.93,0.9,8725,3.18214285714286,1.84941977143907,-0.133146977714766,-0.0719939192664525
"679","yexccn",0.74,0.01,2.2,0.74,0.96,7395,2.84285714285714,1.47530083057444,0.230543390361871,0.156268732169089
"680","yfjncc",0.79,0.38,2.57,0.94,0.98,9030,3.05714285714286,1.55654347409212,2.21850132076176,1.42527424237588
"681","yggevs",0.79,0.17,2.65,0.84,1,8195,3.23571428571428,1.56328443445376,1.34076021230866,0.857655959951491
"682","yhmewp",0.83,0.85,2.36,0.96,1,8530,3.04285714285714,2.20020565282654,1.37896073006999,0.626741744935745
"683","yjxtvn",0.61,0.26,1.89,0.59,0.94,5725,2.23928571428571,0.57718421972519,0.12031714456465,0.208455360442695
"684","ympcfq",0.64,0.49,1.76,0.73,0.8,7040,2.55,0.791638607743375,0.780238727896159,0.985599641382181
"685","ynnshf",0.74,0,1.45,0.73,0.92,7300,3.03928571428571,1.51985137701523,0.20101804084164,0.132261643395955
"686","yoietp",0.75,0.53,2.43,0.78,0.78,7235,2.23928571428571,1.29686483779027,0.975073599985042,0.751869872304096
"687","yovnkn",0.747474747474748,0.656565656565657,2.1010101010101,0.94949494949495,0.88,8795,2.61428571428571,1.49019713920543,1.67577645676842,1.12453340077
"688","ypavpo",0.62,0.08,2.74,0.63,0.78,6215,2.40357142857143,0.7010986847202,1.4851554272661,2.1183257929785
"689","yptmzy",0.66,0.26,1.48,0.79,0.86,7650,2.50714285714286,0.820890524509707,1.06847104601512,1.3015999260721
"690","yqqfsz",0.74,0.12,2.63,0.78,0.88,7680,2.95,1.23573452810686,1.07037972719189,0.866189058285609
"691","ysvbih",0.71,0.41,2.31,0.84,0.96,7880,2.93571428571428,1.59723668376503,0.83985447406549,0.525817170743769
"692","ysyvke",0.680412371134021,0.56701030927835,1.56701030927835,0.865979381443299,0.84,7945,2.78214285714286,1.56739301588056,1.23036001010679,0.784972242214299
"693","ytxvyh",0.81,0.85,2.05,1,0.98,8945,3.26071428571428,1.73208232682285,1.33673883318679,0.771752481095265
"694","yvxvde",0.724489795918367,0.0510204081632653,2.56122448979592,0.591836734693878,0.84,5845,2.36428571428571,1.19947226856987,1.1055570820019,0.921702911331209
"695","ywqnfj",0.79,0.83,2.49,0.98,0.92,8860,3.05,1.78205970573129,1.78673300976712,1.00262241720679
"696","yxgpae",0.7,0,2.23,0.7,0.92,7000,3.00357142857143,1.01107206217418,1.26744159730083,1.25356208001174
"697","yxplyv",0.85,0.98,1.27,0.96,0.96,8375,3.05714285714286,2.19403863350717,0.294693167489943,0.134315395813644
"698","yzlzez",0.7,0,2.13,0.72,0.8,7200,2.875,1.06383281829625,0.178936865069793,0.168200173929926
"699","zaszmp",0.82,0.3,2.52,0.93,0.88,9000,2.91071428571428,1.74175454462661,1.20936228441406,0.694335656045794
"700","zbdkff",0.73,0.33,2.39,0.84,0.9,8010,2.89642857142857,1.32681839639325,1.53909745424362,1.15999104205023
"701","zbmeqf",0.64,0.01,2.83,0.65,0.9,6495,2.97857142857143,0.746082563966212,0.284457062401292,0.381267538124875
"702","zdbqqt",0.68,0.03,2.08,0.68,0.9,6785,2.62857142857143,0.936503861924714,0.494405821661354,0.527927157337339
"703","zdfgkk",0.64,0,1.53,0.64,0.68,6400,2.15357142857143,0.698025292950106,0.275995960289767,0.3953953575569
"704","zegemg",0.81,0.28,2.37,0.89,0.98,8595,3.38928571428571,1.69911204143963,1.46583953668971,0.862709168635951
"705","zfdfyc",0.76,0.57,2.01,0.93,0.92,8580,3.6,1.4142994285082,0.610959384831297,0.431987295275749
"706","zfefdn",0.69,0.23,2.57,0.73,0.9,7065,2.58928571428571,1.161249733848,0.601915589751977,0.518334318801027
"707","zfotrc",0.78,0,2,0.78,0.98,7800,2.98571428571429,1.60604731988521,1.90235164843844,1.18449290060421
"708","zhayum",0.82,0.52,2.03,0.95,0.98,8925,3.20714285714286,1.78168073577608,0.999706945646293,0.561103302949972
"709","zhslmw",0.76,0.62,2.1,0.96,0.98,8840,3.10357142857143,1.64094839583615,1.04916747122298,0.639366523581853
"710","zhzczp",0.82,0.65,1.84,1,0.96,9195,3.47857142857143,2.04824792064746,1.24772125613942,0.609165152109618
"711","zipdjg",0.62,0.02,1.51,0.63,0.88,6260,2.41428571428571,0.441411801123714,0.120163847102229,0.272226176999175
"712","zjqwwb",0.76,0.58,1.96,0.85,0.94,7805,2.79285714285714,1.47380199209706,1.01022999803706,0.685458428916636
"713","znmfcm",0.84,0.12,2.61,0.9,0.96,8865,2.93928571428571,1.93725802964155,2.11016927986526,1.08925566319924
"714","zoazno",0.787878787878788,0.515151515151515,2.45454545454545,0.858585858585859,0.92,7995,2.87857142857143,1.51598229760594,0.290885241472001,0.191879048938349
"715","zoptjr",0.818181818181818,0.343434343434343,2.43434343434343,0.878787878787879,0.98,8415,3.08214285714286,1.80886933092434,1.01468803435767,0.560951538627261
"716","zpnzas",0.6,0.06,2.46,0.6,0.88,5970,2.56071428571428,0.490359200376465,-0.82691383035137,-1.6863430516171
"717","zpwotb",0.82,1,2.02,1,0.98,8750,3.88571428571429,1.87439504748948,0.0130612527255774,0.00696824969905427
"718","zqicdq",0.7,0.9,2.31,0.91,0.92,7975,3.225,1.12474038738656,0.555656301667275,0.494030718465079
"719","zrhvgc",0.737373737373737,0.0707070707070707,2.03030303030303,0.727272727272727,0.98,7135,2.65714285714286,1.18706725037482,0.98938842690551,0.833472936426397
"720","zrrdtx",0.85,0.68,1.48,0.95,0.9,8635,3.40714285714286,2.19403863350717,1.1396422230549,0.519426689052042
"721","zsjhao",0.76,0.59,2.35,0.9,0.98,8285,3.15714285714286,1.43692114804003,1.83454447516841,1.27671896100266
"722","zsxgyb",0.77,0.02,1.84,0.77,0.9,7660,2.59642857142857,1.33004344121345,0.74731417399527,0.561872004205719
"723","ztiovk",0.78,0.35,1.75,0.85,0.88,8325,2.66071428571428,1.49182207880974,0.852577055313997,0.571500494210563
"724","ztpsod",0.77,0.2,1.14,0.82,0.88,8055,2.86785714285714,1.55332944135538,0.103144915323065,0.0664024723776977
"725","zuruwj",0.77,0.94,1.39,0.99,0.9,8755,3.22857142857143,1.48756106660004,0.677490396963593,0.455437031914301
"726","zvbgsk",0.69,0.31,2.59,0.8,0.92,7650,2.45,1.01650539671644,1.12814557631239,1.10982743422374
"727","zvxoil",0.77,0.06,2.58,0.8,0.94,7970,2.95714285714286,1.43167399676156,-0.0430837171356587,-0.0300932455524888
"728","zwmwvk",0.69,0,2.12,0.7,0.84,7000,2.61785714285714,0.964125709318406,0.846114242764042,0.877597427997442
"729","zwsauy",0.61,0.1,1.68,0.62,0.68,6135,2.48571428571428,0.57272722926171,0.756601083341277,1.32104961085331
"730","zwwbce",0.79,0.37,2.3,0.94,0.88,9065,2.74285714285714,1.53876983274312,1.09308827256903,0.710365026210848
"731","zxwncn",0.82,0.3,1.99,0.89,0.98,8660,3.40357142857143,1.76999345416101,0.62105051247827,0.350877293369795
"732","zylwrx",0.68,0.35,2.12,0.77,0.9,7510,2.90714285714286,1.14862781325552,0.156750851092709,0.136467922231862
"733","zysiye",0.66,0.05,2.45,0.68,0.86,6775,2.98571428571429,0.890417643748947,1.38119381263896,1.55117525167593
"734","zzcjvb",0.73,0,2.03,0.73,0.84,7300,3.18214285714286,1.20475313167912,0.823340394434051,0.683410047074558
