"ID","mean_accuracy","mean_search","mean_confidence","mean_final_accuracy","AccStronger","MaxPoints","DotDiff","dprime","meta_dprime","mratio"
"abginr",0.61,0,1.38,0.6,0.96,6000,2.93928571428571,0.505927871883543,0.0387230384774645,0.0765386542814901
"aboxsw",0.68,0.37,2.51,0.73,0.82,6860,2.91071428571428,0.889202981865994,1.24789455640661,1.40338548324242
"aekqzk",0.85,0.4,2.53,0.96,0.96,9130,3.6,2.02798380963313,2.23329874133363,1.10124091263709
"ahmfki",0.71,0.05,2.93,0.71,0.9,7075,2.67142857142857,1.09603803787313,0.539383217848187,0.492120892897901
"akurdg",0.74,0.59,2.58,0.9,0.96,8195,3.01428571428571,1.3728831706019,1.81370656206729,1.32109315701796
"akvwii",0.64,0.79,1.8,0.78,0.76,6910,2.19642857142857,0.58331906023868,0.527453177058687,0.904227571173254
"albemo",0.74,0.59,2.17,0.94,0.98,8805,3.125,1.26674976975148,1.05954376673125,0.836427045050199
"ammrwo",0.69,0.69,1.66,0.85,0.72,7735,2.45714285714286,0.942967274202763,0.946519359072439,1.00376692274149
"amubmq",0.73,0,1.92,0.73,0.92,7300,2.30714285714286,1.1851516398483,0.353183412083291,0.298006938697313
"angcso",0.67,0.78,1.28,0.84,0.94,7470,2.66428571428571,0.93400266309234,0.596987400907555,0.639170983657607
"aodlnk",0.66,0,2.33,0.66,0.9,6600,2.5,0.762032755628488,1.13209313929531,1.48562267295402
"aouehi",0.7,0,2.09,0.71,0.9,7100,2.52142857142857,1.03562399060927,1.39985106523502,1.35169818189656
"aqikrl",0.71,0.25,1.93,0.79,0.94,7685,2.72142857142857,1.16196871835086,0.708039442850986,0.609344667949308
"aqmqsq",0.73,0.66,2.02,0.92,0.88,8450,3,1.50323361680277,1.67030644614035,1.11114229183679
"asvmtk",0.717171717171717,0.0808080808080808,2.2020202020202,0.727272727272727,0.82,7230,2.375,1.18640232180826,0.203998639216689,0.171947269039195
"atadpg",0.84,0,2.27,0.83,1,8300,3.30714285714286,2.4409014706194,2.24219483130004,0.918592929001375
"atndqp",0.79,0.43,2.21,0.95,0.96,8985,2.96071428571429,1.60570830407228,1.6659805859616,1.03753625844524
"augafv",0.69,0.25,2.76,0.74,0.96,7145,2.84642857142857,1.20741920522142,2.0939235330831,1.73421420168575
"auicuy",0.777777777777778,0.333333333333333,2.32323232323232,0.888888888888889,0.98,8525,3.09642857142857,1.43142677841435,2.21901495590561,1.55021199083875
"auossx",0.6,0.315789473684211,2.31578947368421,0.715789473684211,0.823529411764706,6965,2.72857142857143,0.492188571090625,0.653050411554722,1.3268296947807
"avllga",0.62,0.06,1.6,0.64,0.9,6370,2.65,0.441411801123714,-0.231621302058033,-0.524728386210763
"avsysn",0.71,0.41,1.98,0.79,0.92,7500,2.37857142857143,1.12899393478089,0.753403326966128,0.667322740854533
"avvojt",0.74,0.29,2.1,0.85,0.92,8280,3.06428571428571,1.26052644959789,0.774419694654506,0.614362114259123
"awwqym",0.8,0.47,1.73,0.94,0.96,8895,2.83571428571428,1.82163921170725,1.37739727340783,0.756130667673169
"axjjyt",0.76,0.4,2.45,0.92,0.98,8745,3.05357142857143,1.37866115973955,1.7535426554036,1.2719170646215
"ayaruh",0.72,0,1.39,0.72,0.88,7200,3.325,1.20123305076877,0.591864578252448,0.49271419719401
"azfqqa",0.65,0.22,2.1,0.73,0.88,7130,3.06071428571428,0.747419078959159,0.853469380320232,1.14188867309724
"bcvlam",0.68,0.62,1.92,0.92,1,8545,3.08928571428571,1.2815515655446,0.893100297381604,0.69688986490534
"bdfixg",0.7,0.38,1.16,0.81,0.86,7625,2.87857142857143,1.10158151905984,0.624743082194951,0.567132864327779
"beauof",0.66,0.09,1.09,0.67,0.88,6655,2.69642857142857,1.06089126806266,0.646595431889809,0.60948322543043
"bfyadm",0.76,0,2.3,0.78,0.98,7800,3.51428571428571,1.46677455485439,0.903304403682405,0.61584406457888
"bgdumn",0.67,0.52,1.48,0.72,0.66,6850,2.09285714285714,0.642669558526399,0.572178887666714,0.890315839727472
"bgsmli",0.81,0.27,2.19,0.89,0.94,8540,2.65714285714286,1.73208232682285,1.39337003671494,0.804447926716506
"bhoozk",0.84,0.02,2.92,0.86,1,8590,3.16071428571428,2.4409014706194,3.26045224983817,1.33575741957778
"bijxjt",0.74,0.37,2.75,0.72,0.94,6805,2.98571428571429,1.04345318922209,-0.585103697412529,-0.560737849532793
"bjbuho",0.83,0.06,2.2,0.83,0.94,8270,2.85714285714286,1.96904208749357,1.51969405045765,0.77179358435761
"bjbvlv",0.78,0.38,2.06,0.86,0.96,8395,2.89642857142857,1.5190693882373,1.26517666623888,0.832862985743509
"bjxyas",0.73,0.67,2.08,0.91,0.9,8255,2.86785714285714,1.37918060934391,0.589323973856113,0.427300072132295
"bnaigm",0.78,0.53,2.85,0.92,0.9,8650,2.98571428571429,1.54274933247763,0.573867339186083,0.37197704585259
"bpbadb",0.777777777777778,0.484848484848485,1.98989898989899,0.898989898989899,0.78,8475,2.88214285714286,1.49177773352171,0.886307231764674,0.594128208142863
"bphpor",0.63,0.23,1.36,0.72,0.96,6920,2.65357142857143,0.705832469039648,0.750137058757123,1.06276927126596
"bqnunf",0.79,0.34,2.07,0.94,1,9005,3.35,1.68173007434093,0.255924331219242,0.152179196366895
"brhzqs",0.84,0.62,1.85,1,0.98,9285,3.575,2.86225196101984,2.44137286486465,0.852955259744068
"btejha",0.8,0.02,2.5,0.82,1,8175,3.25,1.72131337067168,2.02203922945936,1.17470721131407
"btriuk",0.73469387755102,0.142857142857143,1.89795918367347,0.76530612244898,0.9,7585,3.26785714285714,1.22348388133928,0.511588580196749,0.418140841902014
"btxmie",0.85,0.82,1.29,0.96,0.92,8635,3.4,2.0633844898205,-0.192715188269175,-0.0933976140752807
"buattp",0.68,0,2.31,0.69,0.94,6900,2.79642857142857,0.925790827108563,0.575141104578671,0.62124303648045
"bvelca",0.71,0,2.09,0.71,0.86,7100,3.08928571428571,1.23441569150665,0.912534682066012,0.739244233806058
"byfxwj",0.76,0.42,2.38,0.93,0.96,8865,3.52142857142857,2.50003182562327,2.01150086687258,0.804590104116417
"byyccp",0.65,0.03,1.3,0.65,0.92,6485,2.76071428571428,1.11945039129692,0.428723547482281,0.382976816851698
"bzovoo",0.76,0.46,2.01,0.84,0.98,7825,2.87857142857143,1.82536153663821,0.833131052148689,0.456419747773955
"caaopl",0.85,0.01,2.45,0.86,1,8580,3.57142857142857,2.01410601687993,1.61972440238734,0.804190240639104
"cewqpg",0.75,0.31,2.05,0.86,0.9,8250,2.86428571428571,1.37323892432563,0.489039503405663,0.356121207127754
"cfdicp",0.83,0.46,2.2,0.98,0.98,9225,3.48214285714286,2.10791647809441,2.0413029507824,0.96839840287589
"cfhhlj",0.78,0.2,2.08,0.86,0.98,8455,2.83214285714286,1.46473933404115,1.20303607476494,0.821331172588788
"cfmyxg",0.73,0.04,2.15,0.76,0.86,7580,3.49642857142857,1.44189705326752,-0.960257544249563,-0.665968171634373
"cfrnqt",0.74,0.62,1.52,0.87,0.86,7985,2.83928571428571,1.1928160769283,0.234685407677808,0.196749031319365
"cfxjma",0.67,0.47,1.46,0.83,0.9,7825,2.425,0.865159472706666,0.329053502666708,0.380338553812811
"chfvlf",0.72,0,1.81,0.72,0.94,7200,3.07142857142857,1.0991861270556,1.25060490869294,1.13775536090776
"chpdfx",0.8,0.97,1.54,0.97,0.92,8465,2.95714285714286,1.64001853981967,1.17124800248886,0.714167537775305
"cjdjqk",0.8,0.15,2.65,0.84,0.96,8280,3.00357142857143,1.72131337067168,1.15789730490882,0.672682455523476
"ckxobc",0.72,0.53,1.64,0.82,0.78,7590,2.3,1.19898012102373,1.07099718415747,0.893256831683768
"cnkwvz",0.66,0.08,1.83,0.7,0.9,6945,3.06428571428571,0.795675967394224,0.762660640066335,0.958506567144397
"cotpxk",0.73,0.87,1.62,0.83,0.92,7190,2.69642857142857,1.41816577871706,0.00632823363016939,0.00446226648896732
"csdjcz",0.61,0.64,1.34,0.7,0.86,6245,2.18571428571428,0.54188273369014,0.6035851662178,1.11386676247733
"ctfjzi",0.69,0,2,0.69,0.94,6900,2.93928571428571,1.32554168383991,1.24972150982953,0.942800611301227
"ctunbu",0.74,0.47,1.52,0.89,1,8305,3.26428571428571,1.1965834624677,0.962912411847674,0.804718134631303
"cvrflt",0.63,0.06,1.88,0.63,0.8,6255,2.64642857142857,0.678540321714772,0.0133241066418815,0.0196364257443234
"cvzskk",0.767676767676768,0.121212121212121,2.54545454545455,0.797979797979798,0.9,7895,2.83571428571429,1.45832633930352,1.37392546489498,0.94212483712744
"cwfril",0.73,0.03,2.86,0.71,0.92,7085,3.20714285714286,1.14323326756894,1.25544508077094,1.09815303349299
"cwoyjb",0.73,0.73,2.07,0.93,0.86,8500,2.775,1.28872245720874,0.842288020800382,0.653583722460076
"cwtyzh",0.75,0.14,2.08,0.8,0.94,7885,2.68214285714286,1.42051600422816,1.00124047805061,0.704842800130676
"cwvrbo",0.8,0.03,2.62,0.81,0.96,8085,2.85,1.6697941408851,0.94092992311872,0.563500553798787
"cyfapl",0.81,0.68,1.77,0.96,0.98,8705,3.13571428571428,1.87576228830952,0.644009434907589,0.34333211565309
"cyukhk",0.79,0.15,1.11,0.87,1,8625,2.98928571428571,1.58913991605098,-0.0771172435442547,-0.0485276612621318
"cyytpx",0.68,0.09,2.21,0.7,0.84,6880,2.68928571428571,0.895617769790449,0.738319136389626,0.824368565802768
"czkwej",0.68,0.3,2.45,0.77,0.84,7490,2.7,0.96219809247605,0.797372110665544,0.82869849452065
"czrbyi",0.77,0.5,1.37,0.83,0.76,8050,2.39285714285714,1.45442135887831,0.280738759964892,0.193024365498459
"cztbfp",0.75,0.04,2.25,0.75,0.88,7480,2.68928571428571,1.31785969356514,0.974640604895556,0.739563255219459
"dayhjo",0.63,0.05,1.44,0.64,0.96,6375,2.43571428571428,0.653795233080556,0.281118360916894,0.429979214734128
"dbhvjx",0.7,0.07,1.14,0.72,0.78,7165,2.44285714285714,1.00144595422805,0.447916809649037,0.447270077589266
"dbiaih",0.7,0.47,1.54,0.73,0.94,7005,3.01071428571429,1.31555614904997,0.960867045502489,0.730388471975429
"dbipzr",0.67,0.19,2.15,0.74,0.773584905660377,7275,2.23928571428571,0.860639566000971,0.327024612063525,0.379978593806779
"ddkubj",0.77,0.54,2.81,0.74,0.94,6815,2.82857142857143,1.44694042409577,1.74349462921967,1.20495260218417
"delfvk",0.74,0,2.22,0.73,0.96,7300,2.93571428571428,1.26674976975148,0.405709663146213,0.320276089906698
"deuxgc",0.602040816326531,0.193877551020408,2,0.622448979591837,0.96,6175,3.11428571428571,0.735070068182024,-0.0432439323043967,-0.0588296737634108
"dfjytz",0.67,0.5,1.93,0.71,0.66,6775,2.53214285714286,1.53272798376871,0.956566763818894,0.624094277620524
"dgmbuv",0.783505154639175,0.721649484536082,1.96907216494845,0.938144329896907,1,8500,3.36428571428571,1.57503120891249,1.35550854415622,0.860623292088387
"dkjdtg",0.74,0.74,1.55,0.83,0.9,7555,2.39642857142857,1.3728831706019,-0.107554453080434,-0.0783420289384715
"dkxdtc",0.71,0.11,2.9,0.74,0.9,7330,2.82857142857143,1.21371446322802,1.79261161643138,1.47696321560156
"dlojos",0.85,0.71,1.61,0.98,0.9,8995,3.15357142857143,2.16448762676762,1.17108445442253,0.541044651833556
"dmcfaa",0.808080808080808,0.0505050505050505,1.76767676767677,0.828282828282828,0.98,8100,3.39642857142857,1.68971844707819,0.0481255829071545,0.0284814212630346
"dmilke",0.66,0.83,1.38,0.9,0.92,8015,3.21785714285714,0.955810967693412,0.622042750837475,0.650801018049213
"dmxpje",0.69,0.58,1.89,0.83,0.92,7740,2.88928571428571,0.975568492364495,0.487999258695837,0.500220397148199
"dnbhnn",0.79,0.03,1.83,0.78,0.68,7755,2.68928571428571,1.68173007434093,0.480652840964124,0.285808554117991
"dnclzl",0.83,0.06,2.12,0.85,0.92,8440,3.16071428571428,1.8199166003764,1.15763778593231,0.636093865890824
"dneyew",0.77,0.1,2.79,0.81,0.96,8035,3.18571428571428,1.42383542037527,1.75456606330957,1.23228151105212
"dnjwrm",0.7,0.74,2.84,0.82,0.74,7290,2.46785714285714,0.960743631649238,0.732822148969129,0.762765554543564
"doqcwt",0.82,0.01,2,0.83,0.88,8295,3.35714285714286,1.76811625643254,0.151003184670994,0.0854034253243434
"doxkws",0.78,0.73,1.73,0.97,0.94,8795,3.28214285714286,1.56591552510632,0.755232601349171,0.482294599702557
"dpbypm",0.63,0.04,1.49,0.65,0.84,6480,2.36785714285714,0.645503598111872,-0.288700105972575,-0.447247864794303
"dplkwh",0.7,0,2.43,0.55,0.92,5500,3.08214285714286,1.04524538537156,0.658997103806095,0.630471191768849
"dpugvc",0.74,1,2.76,0.95,0.92,8270,2.78571428571428,1.41441326406888,0.365922358390043,0.258709648506395
"dpvifv",0.78,0.34,2.14,0.9,0.92,8560,3.11785714285714,1.71739779986375,0.98396420617764,0.572939016374486
"dqbybx",0.62,0.41,1.93,0.74,0.96,7015,2.525,1.06270998094926,0.940601625959548,0.885097197562183
"dqyugk",0.83,0.36,1.62,0.94,0.98,9025,3.28571428571429,1.89636661048565,1.1739210960512,0.619036999259636
"dqzxqz",0.77,0.77,2.56,0.93,0.94,8315,3.30357142857143,1.45442135887831,1.05461835936074,0.725111985548734
"drimwq",0.76,0.66,2.02,0.91,0.92,8365,2.97142857142857,1.43966873307508,0.85179363364774,0.591659465874722
"dsawqr",0.65,0,2.25,0.64,0.92,6400,3.30357142857143,0.765684863358577,0.387426221168966,0.505986522274413
"dsnkly",0.68,0.26,1.5,0.75,0.9,7340,2.97142857142857,1.05330918594295,1.27054181958835,1.20623824091207
"dtgeiu",0.757575757575758,0.101010101010101,1.18181818181818,0.797979797979798,0.9,7950,2.83214285714286,1.37144698459545,0.350602583097352,0.255644284493266
"dujbjm",0.68,0.02,1.51,0.68,0.82,6790,2.475,1.31652647791209,0.603907817948526,0.458713005838117
"dxlazu",0.72,0.25,1.57,0.8,0.901960784313726,7875,2.84285714285714,1.33538471834893,0.951555905478357,0.712570611602371
"dynaku",0.72,0.61,1.4,0.84,0.92,7720,2.55357142857143,1.14390021778728,-0.0536302609522939,-0.0468836880335895
"dyooft",0.783505154639175,0.597938144329897,1.68041237113402,0.938144329896907,0.94,8665,3.07142857142857,1.52045910808772,1.21709194273196,0.800476603585013
"dzshew",0.76,0.49,1.73,0.93,0.92,8710,2.8,1.51548431050883,1.11965731379662,0.738811550890086
"dzwutt",0.61,0.02,2.19,0.61,0.78,6090,2.5,0.673373383530543,0.434672311948906,0.645514543016074
"eanonx",0.63,0.51,2.39,0.78,0.68,7530,2.21071428571428,0.838008087042061,0.00333623150631454,0.00398114476208758
"ebljup",0.66,0.17,1.52,0.75,0.92,7415,3.47142857142857,0.807087636406112,0.206741203741449,0.256157069462802
"ecwama",0.81,0.1,1.86,0.82,0.96,8150,2.91428571428571,1.72297303573438,1.2943147370734,0.751210094545518
"eebzpd",0.78,0.68,1.34,0.96,0.96,8960,3.05,1.8790093571883,1.10759021379435,0.589454336433808
"efpoli",0.79,0.2,2.34,0.87,0.96,8525,3.16071428571429,1.70468200939893,1.39038667421572,0.815628173788245
"efzxwg",0.72,0,1.98,0.72,0.92,7200,3.17142857142857,1.18289443118807,0.601711258021469,0.50867705701947
"egwsbn",0.73,0.49,1.77,0.86,0.98,8205,3.03928571428571,1.18165105472974,0.95503534606071,0.808221126057505
"eifhma",0.83,0.42,2.23,0.9,0.94,8790,3.11785714285714,1.93118503453428,1.0410528543796,0.53907462814958
"eiswyd",0.81,0.46,2.02,0.94,0.98,8960,2.74642857142857,1.61825887254618,1.32763276596226,0.820408148835515
"eitrhl",0.76,0,1.57,0.76,0.755102040816326,7600,2.93928571428571,1.37360606660288,1.07757009967568,0.784482629973136
"eiwwxk",0.71,0.72,1.36,0.8,0.84,7160,2.13928571428571,1.06848052902164,-0.0157799189677916,-0.0147685601554578
"elkjmj",0.73,0.8,1.76,0.95,0.9,8530,2.93571428571428,1.208096970339,1.22057746335466,1.01033070467196
"ellvss",0.77,0.54,1.9,0.89,0.92,8345,2.68214285714285,1.52234450880436,0.931992044590514,0.612208366240634
"eoxjqn",0.77,0.74,1.68,0.93,0.88,8360,2.79642857142857,1.41521938785762,1.13723268353656,0.803573419989756
"eqoewu",0.85,0.11,2.27,0.85,0.92,8445,3.40357142857143,2.01262157099227,1.65711577805257,0.823361829136898
"esqflm",0.65,0.41,2.13,0.82,0.9,7785,2.82142857142857,0.863695653367037,0.37311714826441,0.432000724803752
"eswilo",0.64,0.01,2.45,0.64,0.68,6395,2.75357142857143,0.6004727704682,0.244659826844227,0.407445331207043
"euqrbq",0.69,0.06,2.01,0.72,0.84,7155,2.52142857142857,1.27573200019003,0.406912493390591,0.31896393077071
"evepkm",0.79,0.96,1.93,1,0.94,8830,3.5,1.62539869244107,0.99361784591095,0.611307152227804
"eyfpac",0.82,0.45,1.91,0.96,1,9090,3.23928571428571,1.93153560622829,1.87753812186909,0.972044271829585
"eynyzb",0.73,0.12,2.13,0.77,0.94,7640,3.11071428571428,1.25154121839182,0.0206350102628423,0.0164876793185905
"eyqhub",0.67,0.42,2.26,0.79,0.88,7495,3.20714285714286,0.931511213606599,0.769278912058814,0.82583966872534
"ezjeew",0.72,0.03,2.34,0.7,0.82,6970,2.99285714285714,1.26211471132568,0.302296787801324,0.239516095556641
"eznslb",0.72,0,2.22,0.72,0.86,7200,2.65357142857143,1.20105098040455,1.16869900987883,0.97306361590511
"fcpdxx",0.71,0.42,2.36,0.81,0.86,7680,2.63214285714286,1.14698261823615,0.543487903990106,0.473841447419571
"fcvhfj",0.67,0.13,1.74,0.69,0.92,6805,3.01785714285714,1.01431105761354,1.26876316549457,1.25086200724233
"fecscw",0.82,0.42,2.07,0.93,1,8835,3.11785714285714,1.74536680855847,0.553212042278712,0.31696033152803
"feghua",0.81,0.29,1.84,0.89,0.98,8560,3.29285714285714,1.72974543224557,1.11142024165486,0.642533994272215
"fenvhz",0.65,0.81,2.17,0.95,0.96,8465,3.23214285714285,0.907937472612254,1.11350086097488,1.22640698788562
"feuuwp",0.66,0.05,2.07,0.68,0.96,6760,2.98928571428571,1.66817357210818,1.56415938437107,0.937647862622798
"ffuzlq",0.73,0.67,1.82,0.67,0.583333333333333,5990,2.09285714285714,1.28872245720874,0.401652158340307,0.311666919508993
"ffyxau",0.74,0,2.38,0.76,1,7600,3.5,1.64186112052914,0.59731989256045,0.363806588201532
"fgeabe",0.64,0.19,2.91,0.65,0.72,6315,2.45714285714286,0.766862802307108,1.62364708550358,2.11725888988074
"fhhbde",0.79,0.21,2.24,0.82,0.9,8095,2.69285714285714,1.8751602095774,1.10913011938511,0.591485524127601
"firqwt",0.64,0.97,1.98,0.95,0.94,8265,3.13571428571428,0.733666182728856,0.32009723223162,0.436298196328234
"fjhhox",0.75,0.36,2.54,0.9,0.96,8595,2.92857142857143,1.5302278268596,1.55946807071231,1.01910842512433
"fkoegk",0.72,0.43,1.85,0.71,0.88,6645,2.26785714285714,1.13138734751153,0.664510562971493,0.587341341966636
"flkgwb",0.777777777777778,0.383838383838384,1.67676767676768,0.909090909090909,0.92,8685,3.00714285714286,1.46616495177163,0.68330608866841,0.466049940590068
"flnpct",0.76,0.66,1.53,0.96,0.94,8880,3.23928571428571,1.39624107959109,1.32350370747702,0.947904861719597
"fnbpzd",0.73,0.45,2.14,0.84,0.94,7920,2.97142857142857,1.28438154093326,0.465295311771616,0.362271877119568
"fqocze",0.75,0.9,1.74,0.97,0.98,8575,3.48928571428571,1.31860566149477,1.24103357205561,0.941171123631286
"fqwihg",0.77,0.98,2.93,1,0.92,8760,3.46785714285714,1.42319500256785,1.4483298672621,1.0176608719458
"frgggq",0.66,0.98,1.7,0.83,0.9,7075,2.84285714285714,1.06056224353143,0.780982096434611,0.736384970517262
"frzlti",0.69,0.05,1.99,0.7,0.826923076923077,6975,2.80357142857143,1.05401792320353,1.28202093880828,1.21631796821041
"fshrly",0.666666666666667,0.181818181818182,1.95959595959596,0.747474747474748,0.78,7380,2.3,0.84332016581637,0.557684274301887,0.661296026002206
"fspizy",0.78,0.44,2.19,0.88,0.88,8300,2.80714285714286,1.5515583633531,0.567469576176341,0.365741688859175
"fvahyn",0.77,0.73,1.49,0.94,0.96,8510,2.95357142857143,1.45696109817233,0.654013895602106,0.448889058481059
"fviitc",0.72,0.51,1.81,0.86,0.86,8135,2.64642857142857,1.23899066025262,1.25519401377766,1.01307786575384
"fwxjrh",0.777777777777778,0.545454545454545,1.61616161616162,0.919191919191919,0.94,8485,2.86785714285714,1.43142677841435,1.05610571692218,0.737799329206397
"fxrahc",0.74,0.33,2.3,0.81,0.98,7725,3.11428571428571,1.47681098191338,0.944589530228699,0.63961437299503
"fxwsbo",0.73,0.99,1.93,1,0.92,8755,3.63571428571428,1.68235178529302,0.148596422650583,0.0883266056181591
"fyzauu",0.793814432989691,0.216494845360825,2.25773195876289,0.793814432989691,0.86,7705,2.55,1.79535758202549,1.37946352504997,0.768350293479522
"gagmbf",0.77,0.2,1.3,0.79,0.9,7755,2.70357142857143,1.42319500256785,0.354011171532888,0.248743967547772
"gciwnv",0.66,0.45,1.99,0.9,0.96,8520,3.44285714285714,0.911008171858348,1.83454599436597,2.01375360950244
"gdbpbi",0.63,0.7,2.12,0.85,0.66,7700,2.84285714285714,0.610654630445633,1.05587668358169,1.72908978486113
"gdolnp",0.74,0.5,1.48,0.83,0.84,7825,2.51785714285714,1.23573452810686,0.968658348740961,0.783872528207933
"gfdbje",0.79,0.54,2.16,0.98,0.92,9110,3.06785714285714,1.59849570551536,1.47784432447672,0.92452192356704
"gfoarr",0.63,0.35,2.15,0.7,0.92,6720,2.68214285714286,0.833069923555027,1.12934031167677,1.35563687962403
"ggnqys",0.74,0.38,1.63,0.83,0.82,7930,2.525,1.51985137701523,0.6278341157623,0.413089151516431
"ghztbc",0.68,0.16,2.05,0.71,0.84,6960,2.82142857142857,0.886202584843617,1.07389951576656,1.21179912373654
"gjgiel",0.686868686868687,0.181818181818182,2.44444444444444,0.707070707070707,0.8,6950,2.9,1.20830892262227,0.630429575961746,0.52174536176857
"gjopdx",0.67,0.03,2.75,0.69,0.84,6870,2.61428571428571,0.883670632045818,0.598128615907203,0.676868274463817
"gjtdnq",0.75,0.27,2.22,0.56,0.9,5270,2.84285714285714,1.30622164981261,1.2730751383049,0.974624129440459
"gjxsso",0.78,0.65,1.57,0.92,0.96,8320,2.63928571428571,1.47097096347641,0.784888496319951,0.533585309165444
"glhwwp",0.6,0.23,2.06,0.67,0.96,6480,3.01071428571429,0.495055170018735,1.13046715802513,2.28351752791987
"gllzes",0.82,0.38,1.97,0.91,0.96,8760,3.08214285714286,2.02424157087687,1.41545845024958,0.699253720807851
"glpcfn",0.78,0.01,1.1,0.8,0.98,7995,3.18928571428571,1.9526156483146,0.493369786529682,0.25267122434235
"gmbkiw",0.74,0.16,2.79,0.77,0.94,7545,2.83571428571428,1.26042538220755,1.02049967054205,0.809647032619025
"gmxrhy",0.7,0.28,2.93,0.81,0.9,7810,2.825,1.20916078616108,2.76582024229929,2.28738830596748
"gncyvf",0.75,0.37,2.11,0.87,1,8260,3.375,1.31595062213582,1.2233026352039,0.929596152489714
"gnuzlk",0.81,0.6,2.43,0.95,1,8855,3.12142857142857,1.88379275449892,1.50755827601146,0.80027820067312
"goxuod",0.8,0.99,2.41,0.92,0.96,7975,3.07142857142857,1.92450111534875,1.43901144016763,0.747732193393329
"gplujc",0.69,0.51,2.1,0.81,0.9,7485,2.73928571428571,1.15784828958168,0.170720449625906,0.147446302906909
"gpnmji",0.795918367346939,0.510204081632653,2.45918367346939,0.908163265306122,0.8,8680,3.06785714285714,1.65523077840673,0.569598250883801,0.344120142226982
"gqhgmb",0.66,0.17,1.92,0.72,0.98,6965,2.83571428571428,0.934884740335481,0.944214214460357,1.00997927736154
"gqxhoh",0.8,0.03,1.41,0.82,1,8185,3.42142857142857,2.06333965786524,0.804217931710494,0.389765169609811
"guylfo",0.74,0,1.77,0.73,0.84,7300,2.85357142857143,1.26052644959789,0.203787742423758,0.161668755533664
"gvqihj",0.77,0.02,2.22,0.78,0.9,7790,3.06428571428571,1.48898504014086,1.1038732904898,0.741359557504601
"gvwvxr",0.85,0.24,2.64,0.92,0.959183673469388,8930,2.97857142857143,2.01410601687993,2.34576694210192,1.16466905040866
"gwfgik",0.77,0.86,1.57,0.96,0.94,8495,3.325,1.333639705966,0.637736902807284,0.478192798215581
"gyjxpg",0.78,0.51,2.1,0.91,0.98,8560,3.05714285714286,1.58327421434454,1.00652670102003,0.635724811217694
"hadeyd",0.79,0,2.06,0.79,0.98,7900,2.925,1.66754907833491,1.45894565799775,0.874904179404751
"hblyif",0.82,0.6,2.07,0.99,0.94,9120,3.5,1.79703795081641,1.63442663915393,0.909511476043895
"hcvxup",0.85,0.06,2.83,0.87,0.959183673469388,8625,3.83571428571429,2.01410601687993,1.67026196750753,0.829282050452811
"hcymtv",0.63265306122449,0.255102040816327,1.80612244897959,0.673469387755102,0.96,6555,3.06071428571429,2.08423949459077,0.671573601178315,0.322215178688078
"hdwuou",0.69,0.87,1.3,0.96,0.9,8505,3.11785714285714,0.937968981490341,0.145322806394807,0.154933488486904
"hglblk",0.68,0.65,1.4,0.82,0.82,7500,2.73214285714286,1.02238436516246,0.581833881414564,0.569095050003146
"hhxwqj",0.68,0,2.75,0.68,0.84,6800,2.68214285714286,0.89045553512503,0.0869131126562472,0.0976052247730075
"hjdyci",0.680412371134021,0.0206185567010309,2.71134020618557,0.680412371134021,0.86,6690,3.175,0.897087246835646,0.966229714737535,1.07707440736203
"hjfxry",0.71,0.04,1.97,0.72,0.8,7180,3.43214285714286,1.5877267483104,0.901759166290802,0.567956146893929
"hmryhu",0.77,0.33,2.7,0.89,0.98,8555,3.58214285714286,2.4611220263268,2.26949985239344,0.922140319787655
"hnzvex",0.81,0.67,1.6,0.95,1,8670,3.31071428571428,1.69731153197579,0.415726297383274,0.244932229323476
"hoglcr",0.82,0.86,1.37,0.97,1,8715,3.74642857142857,1.80582158852048,0.439620406617051,0.243446201668922
"hokhfk",0.6,0.39,2.41,0.68,0.94,6380,2.43571428571428,0.70517737014693,0.704805096948643,0.999472085727583
"hpqxgd",0.7,0.05,1.17,0.72,0.92,7160,2.87142857142857,1.12474038738656,0.163714313238181,0.145557423805672
"hpwhsb",0.806122448979592,0.744897959183674,2.13265306122449,1,0.98,9190,3.30714285714286,1.74284143298888,1.47800427954069,0.848042886498284
"hqctox",0.727272727272727,0.181818181818182,2.73737373737374,0.727272727272727,0.96,7020,3.025,1.57748975388114,0.632689281522251,0.401073464956352
"hsrfoy",0.81,0.46,2.44,0.93,0.82,8845,2.91428571428571,1.74198699643837,1.32658325541676,0.761534533913892
"httgwu",0.67,0.12,1.78,0.7,0.92,6910,2.65714285714286,0.773844667814812,0.785198049679533,1.01467139638861
"hvemrb",0.704081632653061,0.0102040816326531,1.73469387755102,0.704081632653061,0.84,6995,2.83928571428571,1.18653059307166,1.13988396571636,0.960686536337385
"hwcgcn",0.63,0.11,2.83,0.65,0.89,6430,2.45357142857143,0.768964411183918,0.731717283264968,0.951561961285565
"hxfakm",0.82,0.2,1.33,0.86,0.96,8485,3.63214285714286,2.1433026630954,-0.143394867055573,-0.0669036947159294
"hxtgyv",0.81,0.04,2.58,0.8,0.96,7980,2.93214285714286,2.30675805226803,2.0660062267564,0.89563195616683
"hxuexr",0.78,0.58,1.35,0.96,0.88,9055,3.32142857142857,1.5190693882373,-0.0102836730669563,-0.0067697191099936
"hzzaku",0.7,0.79,2.15,0.89,0.88,7875,3.00714285714286,1.12474038738656,0.494425234058041,0.439590539828381
"hzzfod",0.64,0.3,2.61,0.73,0.94,6940,3.05357142857143,1.02797168914069,1.29441456998066,1.25919281985547
"ibayzr",0.75,0.36,1.41,0.83,0.9,8090,3.05714285714286,1.46791926664914,0.403830806971233,0.275104235053109
"ibcxza",0.85,0.87,1.78,0.99,0.94,8835,3.15,2.44253426919883,1.70338785755176,0.697385448807022
"ibkpyh",0.69,0.06,2.14,0.67,0.9,6670,2.96428571428571,1.00461795285414,0.451854918795011,0.449777865815837
"ibkwao",0.7,0.11,1.08,0.69,0.92,6830,2.975,1.5070096213973,0.651555961509466,0.432350233374982
"idstex",0.68,0.02,1.51,0.68,0.82,6790,2.75357142857143,1.11119600320167,-0.140044564295153,-0.126030478773902
"ifmmwr",0.77,0,2.62,0.77,0.72,7700,2.51071428571428,1.46332301519956,0.925465621496305,0.632441102807429
"igyzff",0.78,0.38,1.96,0.86,0.92,8125,2.55357142857143,1.42070822055282,0.708935758772472,0.499001658832249
"ihcdcg",0.7,0.8,2.01,0.88,0.96,7755,2.725,1.07864845155611,0.677418049775416,0.628024866487443
"ijarwt",0.72,0.19,1.6,0.77,0.84,7560,2.225,1.07838092271568,0.636320033027918,0.590069816355317
"ijsfnp",0.71,0.54,2.54,0.78,0.92,7050,2.70714285714286,1.7002860332497,1.41208246546101,0.830497009236818
"iklsnk",0.69,0.98,1.42,0.98,0.9,8575,3.45357142857143,1.29989570663596,0.774816024285672,0.596060145694954
"iloysj",0.85,0.7,1.34,0.97,0.96,8900,3.35714285714286,1.98753750708924,0.86404283542873,0.434730329539353
"imhoxw",0.83,0.04,2.95,0.5,0.94,4980,3.19642857142857,1.88535851181863,2.11496323010615,1.12178305444201
"imsbrm",0.65,0.14,2.75,0.69,0.82,6785,2.38928571428571,1.18672242311616,1.71953010421814,1.44897414148702
"inhaoh",0.67,0.14,2.69,0.7,0.92,6870,3.37142857142857,0.924102691829842,0.389981210028085,0.422010685041802
"iofhcq",0.64,0.22,1.34,0.61,0.98,5830,2.58214285714285,0.856826498455846,0.406532737764722,0.474463311414115
"ioslgp",0.75,0.42,2.13,0.89,0.92,8405,2.92142857142857,1.65555606252202,1.67388296087534,1.01106993521283
"iouylw",0.73,0.2,1.69,0.81,0.96,8000,2.73214285714286,1.23103083374206,0.715329620698547,0.581081806476043
"iqclbo",0.66,0.18,2.33,0.7,0.596153846153846,6910,1.92142857142857,0.904734126072086,0.526430180254211,0.581861748201888
"iqwtkc",0.68,0,2.2,0.67,0.96,6700,3.375,0.884391504966097,0.29191331937565,0.330072504921721
"isbnop",0.67,0.39,1.84,0.74,0.8,7160,2.29285714285714,0.884919902820414,0.146690434267643,0.165766905908785
"ixsmws",0.72,0.88,2.7,0.9,0.84,7945,3.20714285714286,1.06779876460344,0.978996760953684,0.916836386598807
"ixvtqf",0.65,0.41,2.11,0.75,0.92,7145,2.18214285714285,0.774898784299962,0.90015727602955,1.1616449712755
"iywhck",0.63,0,1.71,0.63,0.74,6300,2.58928571428571,0.653795233080556,0.376766617571639,0.576276177170011
"izwkwu",0.828282828282828,0.242424242424242,1.73737373737374,0.909090909090909,0.9,8795,2.61785714285714,1.86758128795502,1.35066191130771,0.723214523522386
"jacczd",0.74,0.96,1.22,0.96,0.96,8385,3.01071428571429,1.30482720626072,-0.467149456085031,-0.358016336449447
"jcuxyo",0.83,0.01,2.82,0.86,1,8580,3.25357142857143,1.93118503453428,1.9589488540978,1.01437657141446
"jdahvu",0.64,0.08,2.59,0.67,0.88,6645,2.50357142857143,1.04184023089875,0.908394429120084,0.871913372299374
"jezfis",0.65,0.56,1.53,0.77,0.94,7060,2.71785714285714,0.893231122114104,0.628721165963445,0.703872883957944
"jgcsqj",0.68,0.8,1.43,0.87,0.92,7835,2.54285714285714,0.936503861924713,0.179615151962703,0.191793284860093
"jgdskx",0.81,0.4,1.79,0.91,0.94,8720,3.48214285714286,1.83662365395994,2.22215356815844,1.20991231021514
"jhpqla",0.7,0.29,2.68,0.78,0.94,7505,3.41428571428571,1.18749986383339,1.36296832030745,1.14776292765847
"jhqjpe",0.65,0.03,2.6,0.67,0.92,6670,2.93928571428571,0.893231122114104,-0.176502487807498,-0.197600020238604
"jhtupl",0.79,0.51,2.11,0.96,0.9,8895,2.775,1.58913991605098,2.08317806965447,1.31088398737801
"jhyvze",0.71,0.21,1.62,0.72,0.94,7005,3.23928571428571,1.46523379268552,0.764114920584022,0.521496927247037
"jiqfny",0.77,0.89,2.25,0.94,0.98,8235,2.79642857142857,1.44461169668688,1.21508303604979,0.841113940054964
"jixpqi",0.84,1,1.41,0.99,0.98,8650,3.12857142857143,1.92012594458939,0.506143329941535,0.26359902659915
"jkptjy",0.84,0.14,2.01,0.91,0.9,8985,3.15714285714286,2.03133027343132,1.24971327455097,0.615219145254975
"jlfixn",0.76530612244898,0,2.66326530612245,0.775510204081633,0.94,7700,2.99285714285714,1.39336856171773,1.89727114247013,1.36164342629576
"jmylld",0.83,0.44,2.44,0.98,0.92,9295,3.20714285714286,1.7750128676783,1.64591684048266,0.92727037107934
"jnfzqs",0.75,0.24,2.09,0.78,0.78,7515,2.69285714285714,1.31785969356514,0.936265211720718,0.710443772043656
"joeqsc",0.68,0.57,2.52,0.76,0.94,6925,3.09285714285714,0.981960877579869,0.0814124397633353,0.0829080278269166
"jopdlo",0.7,0.5,1.27,0.69,0.82,6320,2.61785714285714,1.31393154014001,0.966078499432146,0.735257865359713
"joyfft",0.79,0,2.9,0.79,0.9,7900,2.92857142857143,1.97239459383923,1.51346903574197,0.767325686487525
"jrtisq",0.78,0.01,1.65,0.78,1,7795,3,1.51135746526861,0.709437808726368,0.469404376548523
"jtwonb",0.69,0.15,2.61,0.71,0.72,6995,2.15,0.967624458198592,0.878272216321895,0.907658140387396
"jtxjuq",0.77,0.52,2.14,0.88,0.92,8165,3.04642857142857,1.84444416321312,1.07625262870194,0.583510550315086
"jtygsi",0.64,0.06,2.42,0.67,0.9,6640,2.71428571428571,1.10473073035416,0.50580638208509,0.457854903631527
"judblj",0.78,0.46,1.65,0.88,0.92,8285,3.23571428571428,1.51135746526861,0.917367389551322,0.606982405309574
"jukxbe",0.67,0.04,2.43,0.67,0.94,6680,3.09285714285714,1.06938362396158,0.943537574754251,0.88231907952627
"juupje",0.78,0.64,1.59,0.89,0.88,8070,2.66785714285714,1.58402289594819,0.331134943809983,0.209046816594003
"jvkjna",0.78,0.03,2.75,0.8,0.98,7970,3.4,1.61181681013637,1.27432870474028,0.790616338486053
"jwqspm",0.68,0.27,2.46,0.76,0.76,7300,3.17857142857143,1.00772618091746,0.170536696910322,0.169229201483145
"jykmtv",0.72,0.7,1.62,0.91,0.98,8270,3.31785714285714,1.45837240073504,1.20407754063635,0.825631052829492
"jzppss",0.8,0.5,1.38,0.91,0.92,8610,3.04285714285714,1.72131337067168,0.920418497190123,0.534718728659479
"kbzpof",0.69,0.04,1.35,0.71,0.86,7080,2.77857142857143,1.36094674355924,0.348173474865901,0.255831814517101
"kcfyur",0.82,0.71,2.67,0.93,0.98,8270,3,1.93153560622829,1.92872824644654,0.998546565865679
"kcvwdy",0.83,0.47,2.52,0.94,0.98,8880,3.38571428571428,2.06724029173508,2.12299933890131,1.02697269755681
"kcwukt",0.74,0,2.88,0.74,0.82,7400,3.1,1.1928160769283,1.5883773245493,1.33161964805139
"kercbg",0.7,0.5,2.05,0.68,0.78,6520,2.83928571428571,1.300426664299,0.47332308605961,0.363975223712256
"kfudwt",0.79,0.72,1.95,1,0.98,9115,3.62142857142857,1.7067858259954,2.07537321484528,1.21595409525675
"kgwbhk",0.68,0.44,1.66,0.76,0.92,7080,3.15,0.948852628141327,0.192401638465373,0.202772941507536
"kgxmtq",0.71,0.01,1.12,0.71,0.82,7080,2.50357142857143,1.05719232726579,-0.864058947975023,-0.817314811780497
"kixjzf",0.68,0.07,2,0.71,0.92,7050,2.68571428571428,0.946208826828323,0.712509901343115,0.753015487851066
"kjflkk",0.818181818181818,0.323232323232323,1.80808080808081,0.878787878787879,0.82,8540,2.89642857142857,1.91580175658138,-0.479747450294768,-0.250416019636001
"kjkazt",0.65,0.57,1.62,0.76,0.96,7135,2.91785714285714,1.18672242311616,0.936539274622864,0.789181409552916
"kkqlca",0.66,0.32,2.21,0.71,0.68,6820,2.37857142857143,0.970063775061467,0.725281834248629,0.747664074150869
"klxivo",0.65,0.03,1.99,0.55,0.88,5485,2.78571428571428,0.765684863358577,0.0970363617956042,0.12673146151795
"klysaz",0.8,0.39,2.83,0.89,0.88,8420,3.10714285714286,1.6433588937706,2.18158205343729,1.32751406993743
"kmrbnx",0.65,0.83,1.52,0.79,0.88,6960,2.42857142857143,0.860226143157815,0.853172760433613,0.991800548285699
"kmzquz",0.63,0.11,1.85,0.69,1,6815,3.17142857142857,0.628741057805966,1.25331499786261,1.9933722830765
"kmzxxa",0.67,0.66,2.26,0.88,0.9,8035,2.92142857142857,0.889278690904032,1.42069992524409,1.59758683051296
"kpbdjo",0.69,0.1,2.62,0.7,0.88,6950,2.92857142857143,1.04408616255245,1.25075094940243,1.19793844058306
"kpdohs",0.77,0.71,1.67,0.93,1,8450,3.26428571428571,1.52798929407731,0.860842885758686,0.563382799274464
"kprqar",0.7,0,1.86,0.7,0.78,7000,2.34642857142857,1.06083090157941,-0.158052871865448,-0.148989694427389
"krxwne",0.74,0.05,2.46,0.74,0.96,7330,3.38214285714286,1.423715491941,0.782166059528892,0.549383682313196
"ktnytd",0.64,0.16,1.91,0.66,0.88,6430,2.42857142857143,0.710355942965134,0.898362106982145,1.26466473023685
"ktpttj",0.61,0.01,1.28,0.61,0.94,6095,2.72857142857143,0.583488784857117,0.362716935406639,0.621634802278951
"ktxpbs",0.78,0.73,1.72,0.99,1,9055,3.43214285714286,2.1105932488014,1.56550408905147,0.741736518839202
"kufzqi",0.68,0.17,2.26,0.7,0.86,6870,2.69285714285714,1.11393721535669,0.817504227060564,0.733887166880222
"kwkhzd",0.72,0.88,1.35,0.88,0.98,7745,3.14285714285714,1.03623426474613,0.545552443509834,0.526475973696443
"kxaghb",0.78,0.1,2.14,0.81,0.98,7990,2.97857142857143,1.61548518623408,0.977040354690199,0.604796851754373
"kxkdyb",0.82,0.75,1.6,0.95,0.94,8600,2.82142857142857,1.78143311300461,0.37831110566962,0.212363351117658
"kzmcvn",0.72,0.38,1.62,0.83,0.9,7975,2.81071428571428,1.18289443118807,0.611198923405506,0.51669777732543
"lavesl",0.81,0.09,2.81,0.84,0.98,8340,3.15357142857143,1.82070752144817,1.70935800891366,0.938842723928585
"lbbqnj",0.73,0.59,1.46,0.81,0.92,7505,2.62857142857143,1.32681839639325,-0.164947909422009,-0.124318376855789
"lbjoyk",0.64,0.09,1.22,0.65,0.68,6455,2.18214285714286,0.662928275829727,-0.351966684111592,-0.530927246497469
"leazpy",0.61,0.05,2.04,0.62,0.98,6145,2.95357142857143,0.733235783185512,1.17470838342278,1.60208818276614
"lelagn",0.73,0.62,1.46,0.96,1,8795,3.15,1.14444557452822,0.771257234739947,0.673913423150667
"lelxwg",0.8,0.11,2.83,0.83,0.9,8215,3.23571428571428,1.90462601868421,1.57026639807015,0.82444867531262
"leqwab",0.85,0.63,1.65,0.99,0.94,9225,3.225,2.05277996672723,1.10251881676632,0.537085725034661
"lfthma",0.76,0.51,2.31,0.86,0.929292929292929,8330,2.86428571428571,1.36463670287503,0.370720076302758,0.271662102830534
"lgrlmx",0.736842105263158,0.589473684210526,1.88421052631579,0.8,0.92,7475,2.59285714285714,1.2033171360714,0.908904106615686,0.755332139275504
"lhlkvz",0.68,0,1.1,0.68,0.88,6800,2.92142857142857,0.960083070257047,0.287999931066706,0.299973970991488
"ljolbg",0.82,0.45,2.41,0.95,0.88,8975,3.08571428571429,1.76811625643254,1.80766054493623,1.0223652083735
"lkplix",0.84,0.1,2.93,0.88,0.94,8720,3.23928571428571,1.95999715119866,1.57781437108176,0.805008502240339
"lkxpgl",0.85,0.6,1.94,0.99,0.92,9135,3.32857142857143,2.00791680759684,2.14533680793307,1.06843909061188
"lncucz",0.73,0.01,2.2,0.73,0.92,7295,2.82142857142857,1.25154121839182,0.204081597674289,0.163064224074478
"lngbfe",0.7,0.12,1.84,0.72,0.84,7140,2.39285714285714,1.02422916820938,0.925841686499587,0.903939972846314
"lngbmu",0.707070707070707,0.131313131313131,2.81818181818182,0.737373737373737,0.9,7290,2.58214285714286,0.973674790243257,0.709062328285682,0.728233220568989
"lnzwwx",0.83,0.09,2.86,0.85,0.96,8455,3.27857142857143,1.86685647376894,1.58545474404557,0.849264400516421
"lqltox",0.82,0.3,1.44,0.88,0.86,8515,3.63214285714286,1.82467269961569,-0.0600469088723222,-0.032908317686218
"lrfzrf",0.73,0.93,1.55,1,0.96,8830,3.38571428571428,1.18677862976106,0.0873085437971088,0.0735676743814364
"lrkrws",0.8,0.44,2.29,0.96,0.9,9005,3.59642857142857,1.83915252582832,2.03164394901438,1.10466311003725
"lrpxdy",0.68,0,1.11,0.68,0.94,6800,2.67142857142857,0.912339537931356,-0.27379771380489,-0.300105062229026
"lvuiiw",0.85,0.81,2.85,0.99,0.96,8940,3.48571428571428,1.94329180249902,2.99038490758682,1.53882443374755
"lxhajy",0.73,0.76,1.54,0.84,0.76,7525,2.21071428571429,1.25154121839182,0.426579781262678,0.34084357350277
"lzdjiv",0.85,0.64,2.32,0.94,0.88,8675,2.93214285714286,2.16448762676762,1.92304425269654,0.888452411977221
"lzppjw",0.84,0.81,1.19,0.98,1,8870,3.38928571428571,2.03133027343132,-0.490423541603223,-0.241429740903137
"maolcx",0.7,0.8,1.38,1,0.98,9120,3.13571428571429,2.0362111459112,1.76438546965305,0.866504180176018
"mewwfa",0.670103092783505,0.298969072164948,1.7319587628866,0.680412371134021,0.84,6605,2.51785714285714,1.00108419988522,0.743844159359055,0.743038557040795
"mfkxfk",0.7,0.48,2.28,0.76,0.88,6970,2.825,1.0044417376398,0.0721940348237111,0.0718747858819068
"mhzyeo",0.75,0.91,1.75,0.94,0.86,8300,3.21428571428571,1.42051600422816,0.389666112545478,0.274313074534634
"mimvuu",0.78,0.72,2.27,0.99,0.96,8970,3.125,2.14677603557603,1.69811457633452,0.791006862473606
"mjgdmz",0.84,0.8,1.33,0.98,0.94,8830,3.175,1.93725802964155,0.411268411755839,0.212294080325447
"mjhfql",0.73,0.09,1.4,0.76,0.94,7525,2.43571428571428,1.35265973329084,0.510983861301052,0.377762306901748
"mkgyhl",0.72,0.05,1.22,0.71,0.7,7060,1.775,1.15063005507686,0.0986521112240612,0.085737471213084
"mlkhsr",0.72,0.15,2.28,0.81,0.8,8010,2.98214285714286,1.16286780054058,1.53028687066663,1.31595944952233
"mlpttd",0.71,0.62,2.38,0.98,0.96,9070,2.92142857142857,1.5877267483104,1.73285631889787,1.09140714593485
"mohzyo",0.8,0.77,1.81,1,0.98,9060,3.23214285714285,2.26038011438084,1.76660961681872,0.781554219832012
"mszdlx",0.77,0.73,2.41,0.94,0.9,8435,2.87857142857143,1.51550229792004,1.76649022306081,1.16561368827038
"mtozef",0.7,0.06,2.04,0.72,0.82,7170,2.48214285714285,1.04443693815621,-0.631008319103727,-0.604161243298878
"mtzjkp",0.64,0.07,1.65,0.57,0.82,5665,2.76071428571429,0.672216050865883,1.13423563120807,1.68730816490778
"muihwb",0.71,0.6,2.07,0.8,0.78,7385,2.72142857142857,1.09434844994929,0.321144670324905,0.293457417826823
"mvybfw",0.767676767676768,0.505050505050505,2.42424242424242,0.929292929292929,0.94,8700,3.08214285714286,1.42807208119045,0.936528181939282,0.655798957401777
"mwcwuf",0.77,0.38,2.01,0.88,1,8355,2.88214285714286,1.42482694142189,1.31507240356836,0.922969916792839
"mxzfze",0.79,0.44,2.36,0.92,0.98,8635,3.29285714285714,1.62817269324196,1.72645698643263,1.06036478415258
"mzdlia",0.84,0,2.01,0.83,0.9,8300,3.44642857142857,1.89991577833776,0.356962004299194,0.18788306743339
"mzqxjn",0.72,0.49,1.89,0.83,0.92,7875,2.92142857142857,1.93847568456489,0.866959482251465,0.447237738989778
"mzrzkm",0.74,0.88,1.26,0.93,0.92,8260,2.71071428571428,1.33075947882045,0.530468686958118,0.398621009581921
"nbcywg",0.68,0.57,1.79,0.78,0.8,7065,2.71785714285714,1.02425393931748,0.331959493388277,0.324098820268615
"nbfcaj",0.75,0.02,1.12,0.76,0.86,7590,2.81071428571428,1.31860566149477,0.354238362202884,0.268646171139081
"nbxucu",0.7,0.73,1.64,0.88,1,8045,2.88928571428571,1.15874010581685,1.05503831074376,0.910504698549305
"nbzrsb",0.838383838383838,0.98989898989899,1.07070707070707,0.939393939393939,0.98,8170,2.93928571428571,2.04293417523103,-0.176949983941432,-0.0866156071433
"ncnqpf",0.72,0.23,2.14,0.78,0.96,7445,2.98571428571428,1.32755636893638,1.05719659112457,0.796347798000913
"ncokke",0.75,0.14,2.68,0.77,0.9,7600,3.25,2.01073547100636,1.15353372688487,0.573687460890882
"ndwnrq",0.653061224489796,0.204081632653061,1.41836734693878,0.744897959183674,0.94,7340,3.03214285714286,1.18419034289706,0.429450671518232,0.362653414710007
"neizjm",0.68,0.24,1.3,0.73,0.92,7105,2.44642857142857,0.936503861924713,0.925453757411188,0.988200684521669
"nelftx",0.69,0.34,2.3,0.82,0.92,7850,2.775,0.975568492364495,1.07741128019067,1.10439327286938
"nevioo",0.82,0.25,2.18,0.87,0.96,8545,3.11785714285714,1.77606694748745,0.484878047191462,0.273006627299385
"nezfrh",0.84,0.54,2.13,1,0.98,9340,3.65,2.81086807550635,2.04967573569375,0.72919670387751
"nfnlfa",0.65,0.51,2.13,0.68,0.84,6230,2.44642857142857,1.28757921010102,0.519674648321356,0.403605964001688
"nfxfmw",0.74,0,2.85,0.74,0.86,7400,2.65,1.25595109063319,1.91123120979386,1.5217401569597
"ngdoqc",0.72,0.29,1.87,0.83,0.68,7960,2.40714285714286,1.14853575192953,1.64662352868408,1.4336719827117
"nhidua",0.757575757575758,0.0303030303030303,1.51515151515152,0.757575757575758,0.96,7585,3.11785714285714,1.56076507070779,-0.108913059426881,-0.0697818406312041
"nhywid",0.83,0.32,2.06,0.85,0.94,8160,2.95,1.93851501248994,0.342197715498232,0.176525697914867
"nilhjs",0.76,0.14,2.38,0.82,0.86,8040,3.13928571428571,1.39364510679293,1.55109468036503,1.11297680650881
"niwbif",0.71,0.14,2.17,0.69,0.86,6785,2.63214285714285,1.0883418691391,0.372353820292952,0.342129463959233
"nkszmf",0.68,0.38,2.09,0.78,0.9,7370,2.69642857142857,0.886202584843617,1.01466990986778,1.14496383470471
"nndgxg",0.67,0.88,1.58,0.92,0.96,8130,2.65357142857143,0.947155161578305,0.778237519502899,0.821657898380739
"nobrng",0.68,0.6,2.85,0.79,0.9,7210,2.9,1.05330918594295,0.959075525659266,0.910535613340044
"nprjub",0.75,0.16,2.78,0.84,1,8245,3.21785714285714,1.84508167073993,1.91591983879367,1.03839297152919
"npzbol",0.76,0.99,1.35,0.99,0.92,8655,2.975,1.5018059080417,0.257383356819865,0.171382570438468
"nslgbj",0.81,0.05,2.76,0.82,0.96,8175,2.97857142857143,1.70200679572654,1.67152548005366,0.982090955365505
"nvmegy",0.81,0.49,1.9,0.91,0.86,8675,3.01428571428571,1.66689204487717,0.421030454830707,0.252584116724687
"nvpgwx",0.73,0,1.99,0.73,0.96,7300,3.03214285714286,1.10732785060589,0.839374717051119,0.758018247795217
"nvsaqm",0.79,0.03,2.33,0.69,0.9,6885,3.45357142857143,1.52280038426042,0.900877171427723,0.591592424548312
"nybffa",0.71,0.3,1.81,0.8,0.86,7820,2.80714285714286,1.17605288396596,0.685888336069939,0.583212154335221
"nycqoi",0.79,0.02,2.72,0.8,0.98,7975,3.18214285714285,1.69440372596867,0.339358598857362,0.20028201877528
"nytflt",0.63,0.35,2.33,0.71,0.94,6715,2.82857142857143,1.47451780552437,0.931697670609669,0.6318660019696
"nzyghd",0.76,0.15,2.69,0.81,0.857142857142857,7890,2.89285714285714,1.73304046903108,1.84702746401477,1.06577284086587
"oaqvbo",0.77,0.29,2.26,0.89,1,8560,3.36071428571428,1.57225785209345,1.23269815446325,0.784030528339811
"ocbzli",0.75,0.01,2.71,0.75,0.84,7495,2.81071428571428,1.4512925423942,0.167708348374136,0.115557920595022
"odgqoe",0.646464646464647,0.464646464646465,2.73737373737374,0.828282828282828,0.84,7635,2.88571428571428,0.910220863143442,0.806583709501817,0.886140652408565
"ogljea",0.8,0.85,1.42,0.91,0.96,8090,2.875,1.62734819854888,0.670024521157092,0.411727816919919
"ohdvkt",0.81,0.03,2.63,0.81,0.92,8085,2.74642857142857,1.66755453060738,1.65904817889908,0.994898906421248
"oimpcd",0.73,0.26,2.74,0.86,1,8275,2.99642857142857,1.19644263265326,1.72545101487182,1.44215106331125
"ojsfil",0.81,0.31,2.64,0.85,0.7,8150,3.45,1.76330044310384,1.70929188117558,0.969370754632608
"ojuatf",0.62,0.29,2.01,0.67,0.8,6420,2.41785714285714,0.554922942702654,0.0902867502293469,0.162701419028778
"okplxr",0.673469387755102,0.0306122448979592,2.71428571428571,0.693877551020408,0.86,6970,2.87857142857143,0.880095849466815,0.535734483099284,0.60872288333577
"okpumv",0.8,0.06,2.91,0.84,1,8340,3.34642857142857,1.71419518652958,2.45540773538884,1.43239682078437
"omoymc",0.75,0.27,1.74,0.87,0.82,8505,2.83571428571429,1.46910637262164,0.912557210868967,0.621164830454376
"onqkar",0.73,0,1.08,0.74,0.94,7400,3.225,1.32681839639325,-0.111848998731998,-0.0842986493374241
"ontubi",0.77,0.21,2.59,0.85,0.88,8335,2.86428571428571,1.44461169668688,1.35080528335024,0.935064617328122
"ooawan",0.8,0.02,2.35,0.8,0.94,7975,3.03214285714286,1.62734819854888,0.982198065933718,0.603557411259344
"oohvdj",0.71,0.06,2.33,0.74,0.88,7310,3.33571428571429,1.14698261823615,0.969381310246207,0.845157803469541
"ooieql",0.67,0.88,2.21,0.94,0.84,8330,2.73928571428571,0.730233883007754,1.40405741188695,1.92275029214447
"orcavs",0.78,0.65,2.09,0.97,0.96,8835,3,2.17045435110311,1.70680314434632,0.786380576711445
"orvvwx",0.72,0.51,2.18,0.86,0.94,8060,2.95,1.39873453688179,0.922355467295031,0.659421386241915
"osdqwd",0.77,0.2,2.41,0.86,0.92,8380,3.00357142857143,1.45442135887831,0.934954821952937,0.642836284165958
"ouilkv",0.6,0.84,1.35,0.72,0.74,6270,2.26785714285714,0.517538084984362,0.335871610947582,0.648979506421699
"outdmj",0.68,0.65,1.58,0.91,0.98,8370,3.48214285714286,2.10972711612054,1.51344420697988,0.717364911990545
"oyypyc",0.78,0.01,2.36,0.77,0.96,7695,2.87142857142857,1.68472937770331,0.657776323291072,0.390434411601333
"ozewqu",0.66,0.18,2.18,0.7,0.8,6865,2.53928571428571,0.970063775061467,1.03089367233417,1.06270711146682
"ozlaej",0.76,0,2.27,0.75,0.96,7500,2.74642857142857,1.42709197844798,1.79621983672322,1.25865737026753
"ozwfau",0.69,0.76,1.1,0.84,0.82,7630,3.19642857142857,1.27573200019003,-0.0216654044975982,-0.0169827240316704
"ozxobt",0.77,0,2.64,0.76,0.9,7600,2.76785714285714,1.38609204695887,0.364330909479519,0.262847557836345
"paigmf",0.73,0.5,2.34,0.81,0.86,7595,2.96785714285714,1.31108106967151,1.11353983655813,0.849329505487503
"pbquyl",0.74,0.15,2.2,0.81,0.98,8010,3.1,1.29574299444033,1.6006505613462,1.23531484886597
"pclugh",0.72,0.18,2.14,0.8,1,7910,3.45357142857143,1.37830307715525,1.76643734287103,1.2816029885944
"peinrf",0.67,0.43,2.27,0.87,0.86,8155,2.76785714285714,0.831674549876261,1.27181072192985,1.52921683381928
"pfrawm",0.66,0.04,2.46,0.67,0.94,6680,2.9,0.774565430336672,0.453934121630081,0.586050066077406
"pgkbhm",0.72,0.58,2.11,0.85,0.88,7805,2.56428571428571,1.16143061250267,0.206148700911381,0.177495494515311
"phhtcc",0.684210526315789,0,2.86315789473684,0.705263157894737,0.78,7100,2.325,1.08048416019515,1.52789441989838,1.41408312697747
"piubso",0.85,0.21,2.11,0.91,0.98,8965,3.075,2.11692270911671,0.765451347537802,0.361586818565137
"pjyvgj",0.64,0.36,2.18,0.71,0.86,6800,2.29285714285714,0.814929309323093,0.314528933265682,0.38595854838862
"pluazs",0.68,0.52,1.12,0.64,0.64,6065,2.41785714285714,0.653412505527404,0.117517497077284,0.179851925212893
"poxeeu",0.680412371134021,0.103092783505155,2.35051546391753,0.690721649484536,0.862745098039216,6920,2.40714285714286,0.831306886588595,0.019676537081314,0.0236694022373132
"ppbepo",0.82,0.85,2.27,0.99,0.96,8905,3.29285714285714,1.74175454462661,0.422855711525449,0.242775718788837
"ppblhf",0.84,0.95,1.21,1,0.8,8820,3.52142857142857,1.98381437181502,0.177699935346645,0.0895748805287991
"pppvmf",0.76,0.72,2.58,0.92,0.9,8420,3.63928571428571,1.39364510679293,0.485107209859715,0.348085181439089
"ppxqdi",0.84,0.55,1.7,0.96,0.94,8905,3.13928571428572,2.05200841530765,0.862419524960395,0.42028069598881
"pqnglx",0.74,0.53,2.18,0.9,0.96,8465,3.03214285714286,1.77003965321349,0.769825611008444,0.434919980244981
"prbxzz",0.85,0.32,2.63,0.92,0.94,8800,3.15714285714286,2.11692270911671,1.29024533578272,0.609490998526381
"psdjjy",0.744897959183674,0.173469387755102,1.8469387755102,0.775510204081633,0.8,7715,2.63928571428571,1.23732591007475,1.10859940561897,0.895963946598351
"pueagy",0.83,0.74,2.46,0.95,0.92,8650,3.32857142857143,1.91885874782147,1.01041499376617,0.526570804085146
"pwmkoa",0.78,0.39,1.87,0.88,0.98,8335,3.85357142857143,1.51447685712309,0.711092721467246,0.469530265928291
"pwrgag",0.76,0.86,2.28,0.97,0.98,8670,3.00714285714286,1.36778495063645,0.120048782787658,0.0877687554112928
"pypzdd",0.7,0.15,2.89,0.77,0.98,7505,2.85714285714286,1.27031981519153,2.52912604603654,1.99093646795961
"pyuakf",0.85,0.04,1.95,0.86,0.92,8565,3.05357142857143,1.84058484320435,0.117668558839602,0.0639299835995324
"pywqsk",0.69,0.04,2.9,0.71,0.9,7065,3.61071428571429,1.3705025505024,1.46836676465837,1.07140753887696
"pzlxpd",0.62,0.65,2.56,0.72,0.7,6485,2.52857142857143,0.617228349833784,0.496272574494403,0.804033992651254
"qbjmlb",0.65,0.02,2.65,0.66,0.82,6590,3.02857142857143,1.18672242311616,0.339534894919349,0.286111468280661
"qcdkcx",0.72,0.2,1.52,0.8,0.92,7900,3.03571428571429,1.93847568456489,1.56591279343537,0.80780626030233
"qcisop",0.82,0.07,2.26,0.83,0.94,8265,2.88571428571428,1.78892357268171,0.925361950112386,0.517273048577034
"qdqvvw",0.68,0.26,1.06,0.75,0.92,7355,2.57857142857143,1.05939242958529,0.360156923549192,0.339965543920472
"qejmwe",0.76,0.44,2.13,0.93,0.98,8915,3.2,1.40992883449782,1.12043812056094,0.79467707386806
"qfkldg",0.71,0.49,1.82,0.94,1,8825,3.26785714285714,1.31841021233835,1.80043615710848,1.36561150714632
"qfqqcg",0.71,0.11,1.75,0.72,0.9,7130,2.74642857142857,1.12431706209583,0.73744877702216,0.655908196970245
"qfrirw",0.65,0.13,1.96,0.68,0.8,6720,3.08928571428572,1.31298147897337,0.0436608861318528,0.0332532383975374
"qfxfal",0.76,0.06,2.43,0.77,0.98,7655,3.18214285714286,1.47380199209706,1.78420111102244,1.21061114083834
"qgegor",0.82,0.21,2.81,0.88,0.96,8575,3.23214285714286,1.78892357268171,1.49300324480457,0.834581905903596
"qgsxyv",0.85,0.31,2.01,0.93,0.86,9010,2.99642857142857,2.18240525226226,0.646289690658816,0.296136425619797
"qhjbdc",0.74,0.75,2.33,0.91,0.96,8275,2.79285714285714,1.45339823940103,0.873134170066546,0.600753562510422
"qidndc",0.6,0,2.2,0.6,0.68,6000,1.33571428571429,0.491429793833267,0.668725237669643,1.36077471504817
"qkxdlc",0.82,0.6,2.38,0.97,0.94,8950,2.93571428571429,1.78143311300461,1.66587104191228,0.93512971649134
"qnskfi",0.77,0.16,2.61,0.87,0.98,8545,3.19642857142857,1.48898504014086,1.90568558270582,1.2798554258984
"qogqua",0.693877551020408,0.0408163265306122,1.46938775510204,0.704081632653061,0.84,7080,2.58214285714286,1.00087556504666,0.642999404701056,0.642436909398504
"qozgyz",0.79,0.08,2.66,0.83,0.86,8245,2.90357142857143,1.99994306989441,1.50773130023361,0.753887109553177
"qpcbmy",0.72,0.31,2.57,0.82,0.82,7790,2.37142857142857,1.12224482135841,1.57287223772857,1.40154109673208
"qpknfg",0.81,0.28,1.36,0.9,0.94,8665,2.96071428571428,1.8040895187185,0.417015297712205,0.231150003026692
"qpunhj",0.69,0.74,1.56,0.75,0.82,6530,2.81071428571428,0.965815740295936,-0.432855063846278,-0.448175615478835
"qrhngp",0.646464646464647,0.252525252525253,2.18181818181818,0.737373737373737,0.92,7125,2.75,0.773128202344957,1.39540552275147,1.80488244836898
"qstero",0.828282828282828,0.656565656565657,1.46464646464646,0.96969696969697,0.96,8940,3.16428571428571,1.97773022332614,1.31299982637013,0.663892279586003
"qsveuf",0.68,0.24,2.09,0.73,0.82,7045,3.08928571428571,1.00772618091746,1.30667850726863,1.29666027539246
"qwjohq",0.8,0.47,2.09,0.94,0.96,8880,3.26071428571428,1.59352403190541,1.32537135993499,0.831723484176274
"qwuoax",0.62,0.24,1.51,0.67,0.76,6565,2.32142857142857,0.6117135469043,-0.0515702148485637,-0.0843045165658749
"qxomlv",0.69,0.04,1.68,0.7,0.8,6980,2.75714285714286,0.955286327237401,0.815547828360596,0.853720821817982
"qxyoxz",0.61,0.02,1.18,0.6,0.84,5960,2.76071428571429,1.54479464249114,0.049874367095917,0.0322854350501174
"qzqbxm",0.7,0.71,1.81,0.87,0.94,8030,2.85714285714286,1.24959667473979,0.835478713726233,0.668598701177087
"raiien",0.7,0.95,2.52,0.93,0.9,8090,3.22857142857143,1.3649135772375,1.08410602506805,0.794267155919285
"raulaz",0.78,0.46,2.52,0.97,0.98,9200,3.40714285714286,2.60685253689982,2.79655185400646,1.07276948520158
"rbmaov",0.64,0.17,1.43,0.68,0.88,6715,2.75,0.704497006741004,0.337480330631067,0.479037281069863
"rbvojg",0.77,0.01,2.9,0.78,0.94,7795,3.31071428571429,2.06219300070374,2.50569138853197,1.2150615328812
"rciguo",0.83,0.45,2.22,0.97,0.9,9160,3.16785714285714,1.85660380480744,1.36951091803232,0.737643063364488
"rcnozv",0.81,0.12,2.15,0.83,1,8195,3.83928571428571,1.87576228830952,1.49438396392521,0.796680887145878
"rdagus",0.72,0.56,1.92,0.91,0.92,8505,3.23214285714286,1.26211471132568,1.32868637710768,1.05274612932138
"rdbssq",0.85,0.08,2.87,0.88,0.98,8745,3.25,2.05277996672723,2.54980481783044,1.24212280865914
"rdjdwd",0.75,0.3,1.26,0.86,0.96,8435,2.95,1.60470868271181,1.19330778201902,0.743628918366941
"rdwchy",0.84,0.44,1.59,0.9,0.98,8735,3.69285714285714,1.96231714743298,0.559779641860483,0.285264613109437
"remicc",0.65,0.15,1.79,0.71,0.88,6950,2.53928571428571,0.729009761150553,0.692212202157324,0.94952391455616
"rezzyp",0.85,0.12,2.14,0.86,1,8495,3.21785714285714,2.01630034483192,1.21642647928509,0.603296271015859
"rhavsq",0.64,0,2.68,0.64,0.9,6400,2.59285714285714,0.698182074111846,0.21571365132247,0.308964751919301
"riwsez",0.73,0.16,1.2,0.77,0.74,7605,2.71428571428571,1.23016414733283,0.202804889542521,0.164860022934525
"rjyjlg",0.75,0.39,1.51,0.76,0.88,7120,3.00357142857143,1.21490884700868,0.175105565845426,0.144130620397214
"rkcvfz",0.6,0.35,2.13,0.64,1,6000,3.06428571428571,1.26066965026329,0.194172243310429,0.154023096589877
"rknolh",0.85,0.45,2.13,0.98,1,9245,3.35357142857143,1.93811692172081,1.89162232855451,0.976010429172135
"rmaczh",0.82,0.61,1.88,0.99,1,9205,3.52142857142857,2.35958864673694,2.06861809416211,0.876685899053966
"rmopmn",0.82,0.8,2.76,0.97,0.94,8835,3.53928571428571,1.82040288782508,0.303249229393655,0.16658357961405
"rmwgqs",0.83,0.61,1.87,0.97,1,9005,3.29642857142857,2.36398083539576,1.46277754761082,0.618777244598912
"roelld",0.81,0.7,1.21,0.88,1,7910,2.91785714285714,1.71736934890948,-0.0491104193634224,-0.0285963059691307
"ropqoj",0.65,0.77,1.97,0.9,0.94,8105,2.73928571428571,0.862352164836533,-0.0163943831282975,-0.0190112390236827
"rprqfi",0.66,0.07,2.5,0.7,0.86,6965,2.35357142857143,0.779639455829131,0.735188991745694,0.942985871544732
"rqkgfv",0.61,0.23,1.38,0.68,0.86,6685,2.69642857142857,0.573893458004035,0.46233853966757,0.80561737238747
"rqzdvs",0.75,0.76,1.67,0.98,0.94,8970,3.07142857142857,1.34364609613534,0.778523952636202,0.579411464726786
"rqzshj",0.71,0.72,1.68,0.88,0.94,7915,2.71071428571428,1.08000248612814,0.166892078653369,0.154529346734825
"rrmesi",0.82,0.35,2.56,0.94,0.96,9060,3.18928571428571,1.76811625643254,2.04789719237039,1.15823673071269
"rrpatk",0.74,0.17,2.85,0.75,0.88,7265,3.07142857142857,1.32841233329043,-0.79878800227411,-0.601310287669147
"rstsnh",0.76,0.51,1.62,0.83,0.94,7745,2.77857142857143,1.46278441939021,1.21779146601851,0.832516022098573
"rtulhu",0.78,0.66,2.14,1,0.94,9235,3.15357142857143,2.06043246962878,1.51629831582696,0.735912648522836
"rtxupj",0.787878787878788,0.222222222222222,2.03030303030303,0.838383838383838,0.94,8260,2.87142857142857,1.56876154626706,0.615662136462334,0.392451063023141
"rukzhk",0.68,0,2.08,0.65,0.8,6500,2.63928571428571,0.869885586427839,0.222962734792828,0.256312713156242
"rwburd",0.69,0.02,1.35,0.69,0.86,6890,2.63214285714286,0.975568492364495,0.446275910621371,0.457452156475172
"rwyest",0.76,0.08,2.74,0.76,0.9,7560,2.72142857142857,1.46278441939021,0.64090433292069,0.438139977719932
"rwzpep",0.67,0.03,2.04,0.67,0.84,6685,2.69642857142857,0.694044161444853,0.766491011946979,1.10438363223358
"rxtzup",0.81,0.93,1.94,1,0.96,8890,3.3,1.82470070929352,0.841975033377633,0.461431855147152
"sanzxy",0.778947368421053,0.0105263157894737,2.24210526315789,0.789473684210526,1,7895,2.99642857142857,1.49989733568982,1.63732002637949,1.09162139795819
"sauxzf",0.79,0.28,1.22,0.84,1,8170,3.03571428571428,1.60026296662802,-0.397468397089629,-0.248376926404259
"sbgsnp",0.83,0.54,2.21,0.97,0.94,9055,3.49285714285714,1.89126254673546,2.14819645481058,1.13585311490392
"scntot",0.69,0.23,2.14,0.79,0.94,7755,2.79642857142857,1.32554168383991,1.20557115128109,0.909493202649589
"sdwqvn",0.85,0.01,1.77,0.82,0.84,8095,3.53571428571428,2.06305565354317,0.419283177565593,0.203234060528372
"seggwv",0.77,0.37,2.38,0.89,0.98,8505,3.3,1.93194499019739,2.10041301077469,1.08720125129447
"senyuo",0.8,0.14,1.56,0.82,0.84,8055,2.60714285714286,1.64001853981967,0.583130903579872,0.355563604569978
"sfadvb",0.73,0.66,1.55,0.88,0.9,8095,2.82142857142857,1.17799119439615,0.392796891753429,0.333446373472071
"sftkat",0.67,0.16,2.01,0.71,0.838235294117647,6980,2.8,0.889111706387809,0.570398108949106,0.641537058674506
"siblig",0.77,0.4,1.53,0.92,0.857142857142857,8835,2.95357142857143,1.87376178473587,1.04590252843797,0.558183295741302
"sicirx",0.72,0.07,1.89,0.73,0.88,7235,2.38214285714286,1.12174790718027,0.213069397356141,0.189944100623938
"sjbaqj",0.82,0.07,2.84,0.84,0.84,8365,2.92857142857143,1.76154280012025,0.734699894141766,0.417077515284676
"sjsouq",0.63,0.02,2.78,0.62,0.92,6190,2.61428571428571,0.668318256915085,-0.824921623932929,-1.23432453834303
"skeetv",0.73,0.01,2.01,0.72,0.98,7195,3.19642857142857,1.27789896764293,0.273578752021526,0.214084805566546
"snshfr",0.802083333333333,0.885416666666667,1.92708333333333,0.989583333333333,0.9,8870,3.26785714285714,1.61843363202995,0.391987267432238,0.242201632290958
"soychp",0.74,0,1.71,0.72,0.88,7200,2.98214285714286,1.36795490686007,-0.666750808761367,-0.487407008387281
"srvvpn",0.83,0.32,1.73,0.9,0.92,8630,3.3,1.81650594667518,1.28017447706274,0.704745547024436
"ssmshi",0.63,0.18,2.02,0.64,0.86,6310,2.18214285714286,0.875214697422533,1.26250516395726,1.44250909825358
"ssrwqq",0.72,0.6,1.56,0.82,0.96,7695,2.86428571428571,2.33320296591257,1.25559309815031,0.538141394681117
"sstnyt",0.75,0.13,2.24,0.78,0.98,7705,3.00357142857143,2.04087041649899,1.80183258199579,0.882874565395847
"stueok",0.71875,0.145833333333333,2.19791666666667,0.78125,0.98,7585,3.29642857142857,1.61466630241481,1.51507427271804,0.93832036406047
"supifp",0.74,0.03,1.09,0.75,0.96,7485,2.91428571428571,1.31698207404447,0.36211966098781,0.27496172356829
"swlyjv",0.74,0.97,1.32,0.75,0.74,6295,2.325,1.1928160769283,0.162236218827938,0.136011093383084
"sxeqsx",0.757575757575758,0,1.90909090909091,0.757575757575758,0.94,7600,3.01071428571429,1.36178023280174,1.04918539198973,0.770451330337733
"szuaim",0.84,0.41,2.19,0.94,0.92,8940,2.94285714285714,1.7964382384431,1.17774209583394,0.655598433962662
"taarym",0.71,0.5,1.8,0.83,0.877551020408163,7720,2.68214285714285,1.29222220196319,1.19998800377661,0.928623577240463
"tfnhuh",0.78,0.25,1.95,0.8,0.78,7755,2.88928571428571,1.492479709997,0.703935482241006,0.471654976296074
"thsqoy",0.72,0.36,1.78,0.77,0.92,7295,2.7,1.24139503562892,0.369583083431128,0.29771593475391
"tiircw",0.71,0,2.14,0.72,0.94,7200,2.91071428571428,1.09434844994929,0.0731978851912154,0.0668871831404407
"tjpjme",0.75,0.02,2.86,0.74,0.9,7390,2.96428571428571,1.33787178887416,1.66686959595669,1.24591131214403
"tjslvz",0.622448979591837,0.683673469387755,1.57142857142857,0.816326530612245,0.82,7275,2.79285714285714,0.650967190569038,1.00132000820893,1.53820349583768
"tjxwnl",0.74,0.68,1.94,0.83,0.94,7660,2.82857142857143,1.47681098191338,0.721353910734352,0.488453782893567
"tkddyw",0.64,0.09,2.13,0.66,0.72,6540,2.31071428571429,0.881028138042556,0.272619182934905,0.309433003514056
"tkiuxl",0.72,0.84,1.6,0.9,1,7950,2.69285714285714,1.15063005507686,0.586246355627681,0.509500297720385
"tlbhgj",0.76,0.29,2.26,0.84,0.94,8060,2.99285714285714,1.5018059080417,0.931179341601645,0.620039737901862
"tljqgt",0.755102040816326,0.642857142857143,1.48979591836735,0.86734693877551,0.96,8045,2.71428571428571,1.35782625970826,0.799267435493819,0.588637485671802
"tlmbpc",0.72,0.36,2.52,0.81,0.64,7650,3.02857142857143,1.12412262274001,1.04450173055994,0.929170634440218
"tnojna",0.78,0.26,2.1,0.89,0.92,8575,3.42857142857143,1.54255013965497,-0.152456149119472,-0.0988338370340249
"togdqf",0.62,0.12,2.36,0.67,0.82,6640,2.35,0.599607931100312,0.894586535109085,1.49195247212203
"tsgzjk",0.683673469387755,0.326530612244898,2.52040816326531,0.806122448979592,0.84,7725,2.77857142857143,0.927667503516086,1.19254636865433,1.28553211590822
"tuahjl",0.73,0.58,2.1,0.94,0.88,8735,3.66428571428572,1.32681839639325,0.701290043810044,0.52855013596163
"tudrgk",0.66,0,2.02,0.67,0.76,6700,3.09285714285714,0.87879061768306,0.379701089528293,0.432072306972711
"tunbov",0.6,0.63,2.95,0.62,0.82,5330,2.48928571428571,0.79343319486867,0.642981664055319,0.810379081961332
"tusseo",0.696969696969697,0.373737373737374,2.62626262626263,0.808080808080808,0.94,7750,2.74285714285714,1.28266223265218,1.84396721167966,1.43760934464162
"tvfgvw",0.744897959183674,0.5,1.19387755102041,0.846938775510204,0.98,7890,2.58571428571428,1.21066352232355,0.178460469536958,0.147407158344417
"tvnyeh",0.68,1,2.45,0.82,0.94,6950,2.98571428571429,1.14862781325552,1.47618050413387,1.28516869180625
"twhwwl",0.7,0.45,1.75,0.84,0.96,7950,2.46071428571428,1.02339777611736,0.496743009470209,0.485386055219691
"txkdyt",0.727272727272727,0.0707070707070707,2.32323232323232,0.737373737373737,0.94,7350,2.60714285714286,1.29280958621341,0.93365968294275,0.722194275861928
"tycaqn",0.73,0.26,2.56,0.79,0.92,7620,2.67142857142857,1.32749228992126,1.00215981429249,0.754927031894048
"tykzjy",0.62,0.25,1.75,0.72,0.88,7030,2.83571428571428,0.597411192242838,0.468357230504055,0.783977998044728
"tzlsew",0.7,0.18,1.6,0.71,0.92,6980,2.45357142857143,1.13086591044191,1.12799868036474,0.997464571130232
"uamkuy",0.84,0,2.43,0.84,0.98,8400,3.22142857142857,1.85175631327846,0.880642986202986,0.475571747690625
"udzhke",0.71,0,1.48,0.71,0.96,7100,3.03928571428571,1.12431706209583,1.11388296279708,0.990719611352955
"ufguqm",0.7,0.18,2.85,0.75,0.9,7320,2.68928571428571,0.986788034752569,1.84418891044044,1.86888049458652
"ufhfuv",0.8,0.7,1.74,0.86,0.96,7935,2.71071428571429,1.7535068337359,1.03091093167916,0.587913837485748
"ufhprl",0.75,0.01,2.39,0.75,0.94,7495,2.42857142857143,1.46910637262164,0.869930675781959,0.592149548864562
"ugcqsq",0.73,0,1.71,0.7,0.94,7000,3.20357142857143,1.34383162260083,0.830413424071152,0.617944547594424
"ugfplf",0.81,0.43,2.19,0.95,0.94,8940,3.19642857142857,1.74311105091676,1.126505744332,0.646261604353628
"uhbswz",0.82,0.77,1.67,1,0.96,9045,3.30714285714286,2.35427149863334,1.68209062406223,0.714484555005101
"uhsxyv",0.6,0.01,2.28,0.6,0.76,5980,2.15,0.499515991358102,0.243786290097677,0.488045016206313
"uibzfo",0.61,0.31,2.75,0.68,0.56,6410,2.05357142857143,0.43992636736602,0.428095839417418,0.973107936177059
"uirolo",0.66,0.04,1.34,0.65,0.8,6480,2.00357142857143,0.762032755628488,0.0735347650095128,0.0964981681776459
"ujazba",0.75,0.06,1.92,0.76,0.96,7555,2.69285714285714,1.38548143109484,0.794567503031719,0.573495598857529
"ukkrwh",0.68,0.6,1.34,0.78,0.88,7080,2.67857142857143,0.969969966185001,0.552159227176803,0.569253942313808
"ulcuhw",0.68,0.73,2.26,0.92,0.86,8340,2.86428571428571,0.843576237104373,1.02475055165409,1.21476934339878
"umsydg",0.85,0.73,1.92,0.98,0.94,8940,2.98571428571428,2.02607749187986,1.4687666789518,0.724931146433606
"upspxt",0.747474747474748,0.696969696969697,1.73737373737374,0.929292929292929,0.92,8580,2.99642857142857,1.32265494227871,0.635978841798293,0.480835039789446
"uqgulm",0.74,0.72,1.15,0.85,0.92,7735,2.83571428571428,1.26970875567268,-0.217527962346336,-0.171321148550394
"uqpkkw",0.806122448979592,0.683673469387755,1.35714285714286,0.969387755102041,0.96,8830,2.93571428571428,1.68157423617643,0.450343817067732,0.267810844968537
"uracvw",0.63,0,1.89,0.63,0.82,6300,2.425,0.606986834803486,1.27480676250339,2.10022143711917
"usduom",0.8,0.27,1.55,0.9,0.88,8715,2.63928571428571,1.6697941408851,1.13086208698508,0.677246409779386
"ushmwj",0.71,0.97,1.7,0.88,0.86,7610,2.56071428571428,1.05326079090203,0.443838582532287,0.421394764113622
"utivyu",0.69,0.12,1.37,0.71,0.86,6965,2.61071428571429,0.95692829127449,0.0292574046985456,0.0305742916844678
"uueazc",0.78,0.01,1.92,0.78,0.98,7795,3.2,1.5515583633531,0.930869649391532,0.599957869054834
"uwnxou",0.717171717171717,0.626262626262626,1.65656565656566,0.919191919191919,0.88,8480,2.75357142857143,1.40189881363523,1.06594298351643,0.760356577200003
"uxwsge",0.79,0.97,1.39,0.99,0.96,8665,3.72142857142857,1.60865268255149,0.112383613262783,0.0698619499919222
"vcemew",0.69,0.07,1.16,0.71,0.94,7065,2.22857142857143,0.979381653014469,-0.104676709943677,-0.106880407266656
"vcuixl",0.62,0.17,2.06,0.61,0.62,5940,1.75,0.593940662268341,0.0796531899248388,0.134109676243806
"vdydgj",0.76,0.46,2.02,0.84,0.94,7975,2.71071428571429,1.37866115973955,0.537441932642565,0.389828877709224
"vewebq",0.68,0.34,2.55,0.73,0.82,6980,2.96785714285714,0.933587091648101,1.78814448107575,1.91534833447521
"vgxwui",0.71,0.24,2.31,0.77,0.86,7460,2.33571428571428,1.0883418691391,0.507101642934447,0.465939662264003
"vhcpzn",0.606060606060606,0,2.5959595959596,0.616161616161616,0.8,6100,3.00714285714286,0.556012616074122,1.01136747614398,1.81896497832193
"vlxrmt",0.81,0.1,1.87,0.86,0.96,8505,3.01785714285714,2.0744314928004,1.01290313472989,0.488279867638585
"vmwiiv",0.76,0.08,2.94,0.76,0.96,7560,3.21428571428571,1.57888229246631,2.20257189806078,1.395019697523
"vmxmde",0.74,0.11,2.33,0.81,0.96,8015,3.6,1.36795490686007,1.05063276732548,0.768031725356393
"vndqrn",0.727272727272727,0.424242424242424,2.75757575757576,0.727272727272727,0.88,6805,2.57142857142857,1.21356749649194,1.26922988253206,1.04586674099382
"vnrxhl",0.83,0.49,2.08,0.95,0.9,8925,3.26428571428571,1.96904208749357,1.92141319602684,0.975811135897373
"vokgop",0.67,0.18,1.84,0.75,0.82,7410,2.8,0.868217946089522,0.803866934515924,0.925881500303654
"vovqnr",0.84,0.27,2.24,0.93,0.88,8955,3.44285714285714,2.23704576585126,1.62659955881792,0.727119482152814
"vpeoav",0.82,0.28,2.02,0.89,0.94,8550,2.63928571428571,1.80279270967381,1.94155604680078,1.07697132142945
"vppufq",0.6,0.04,1.54,0.61,0.84,6080,2.275,0.490359200376465,0.452847312422991,0.923501204984682
"vqiuhs",0.73,0.59,2.46,0.92,0.942307692307692,8490,3.04285714285714,1.25755302836574,1.01238155032443,0.805040843200133
"vrodkk",0.74,0.26,2.03,0.8,0.94,7720,2.96071428571428,1.47681098191338,0.54674332797093,0.370218893729082
"vsohaa",0.78,0.32,2.7,0.89,0.94,8650,3.42142857142857,2.14677603557603,1.54508708047392,0.719724393634446
"vtshoo",0.77,0.44,1.65,0.89,0.84,8365,2.98571428571429,1.23349456196869,0.879572845060489,0.713073954421548
"vumkpn",0.73,0.32,2.86,0.81,0.72,7760,2.93928571428571,1.15563916729524,0.435119168627396,0.376518190920949
"vuxvkr",0.793814432989691,0.381443298969072,2.07216494845361,0.948453608247423,0.84,9150,3.14285714285714,1.79535758202549,1.0931550183785,0.608878715484201
"vwwhkg",0.73,0.27,1.91,0.77,0.9,7565,2.68214285714286,1.25755302836574,0.75510088260534,0.600452518162703
"vzwblg",0.83,1,1.65,0.93,0.94,8050,3.03928571428571,2.08093019641122,0.154114911701695,0.0740605869276549
"waiosh",0.74,0.45,1.56,0.81,0.88,7725,2.94642857142857,1.28685238585067,0.382887089064372,0.297537692181584
"waqmdf",0.68,0.78,1.97,0.75,0.88,6660,2.37142857142857,0.912339537931356,-0.00545003182682773,-0.00597368808457557
"wblvzc",0.74,0.1,2.33,0.73,0.979591836734694,7205,2.88571428571429,1.36074752042904,0.986852477458803,0.725228201883956
"wcpavc",0.71,0.01,2.67,0.72,0.84,7195,3.27857142857143,1.46523379268552,0.644987867441882,0.440194507294109
"wduzij",0.77,0.51,1.53,0.92,0.98,8675,3.01428571428571,1.45099731131738,0.791642372299911,0.545585002897879
"webcou",0.804123711340206,0.381443298969072,2.51546391752577,0.958762886597938,0.96,9105,3.67857142857143,1.67478070592654,2.25472830330188,1.34628270753483
"wedehs",0.65,0.19,1.73,0.67,0.68,6530,2.51428571428572,0.635167660807064,0.222842456797941,0.350840369477864
"wetvle",0.69,0.05,1.99,0.69,0.94,6815,2.89285714285714,1.20528071956075,0.969000960256254,0.803962881451711
"wfwfen",0.84,0.47,2.4,0.96,1,8990,3.58214285714286,2.64707536786637,2.73798202621868,1.03434230073532
"wgyuhs",0.78,0.37,2.25,0.81,0.9,7720,3.05,1.66827162823104,1.36155282124683,0.816145763199582
"whcayi",0.75,0.23,2.29,0.81,0.96,7850,3.725,1.45459922217906,0.735724547423544,0.505791929629517
"wijioo",0.81,0.03,2.26,0.82,0.92,8185,3.00357142857143,1.87576228830952,1.33897087039687,0.713827588251375
"wixagw",0.79,0.78,1.47,0.91,0.9,8245,2.92142857142857,1.55687736395148,0.752709873702864,0.483474094447893
"wizxub",0.78,0.02,2.5,0.69,0.9,6875,3.45357142857143,1.50689988262463,-0.183804762841194,-0.121975431122242
"wjieli",0.7,0,1.62,0.7,0.84,7000,2.31428571428571,0.986788034752568,-0.418682689980856,-0.424288373222764
"wlblkz",0.68,0.14,1.16,0.71,0.88,7030,2.94285714285714,1.07070471188283,0.786043364741344,0.73413645799605
"wlkttx",0.82,0.35,2.83,0.94,0.9,9045,2.9,1.77606694748745,1.00677915698703,0.566858787846535
"wmfglg",0.74,0.01,2.92,0.74,0.9,7395,3.11785714285714,1.4800368234089,1.53650440970371,1.03815282525522
"wmuiyt",0.75,0.02,2.56,0.76,0.9,7590,2.96071428571428,1.31595062213582,0.91401083727861,0.694563171219257
"wnmwin",0.82,0.01,2.02,0.82,0.96078431372549,8195,3.15,1.79480071738731,0.0563160887566236,0.0313773491458166
"wnyjgz",0.79,0.14,1.73,0.82,0.86,8100,2.68214285714286,1.60911869428093,0.726803518334936,0.45167800294541
"wnyuax",0.79,0.89,1.18,0.9,0.96,7895,2.78571428571428,1.60026296662802,-0.556451521254244,-0.347725050731359
"woilsy",0.71,0.32,1.85,0.82,0.96,7890,2.83571428571428,1.21371446322802,1.18741090158434,0.978328047954775
"wpkqvw",0.7,0.02,1.25,0.7,0.92,6990,2.48571428571429,1.14899233074232,0.131372795617731,0.114337399913588
"wqdbfl",0.77,0.99,1.49,0.98,0.92,8570,3.16071428571428,1.45135793376598,0.17501276313035,0.120585528255065
"wqiotn",0.78,0.87,1.32,0.97,0.92,8710,3.03214285714286,1.82690332114233,0.224047968065149,0.122638108690423
"wqtxpa",0.81,0.2,2.77,0.91,0.92,8925,2.92142857142857,1.98976924062217,2.12595415005178,1.06844256441869
"wqyqdy",0.75,0.54,2.24,0.83,0.84,7670,2.88928571428571,1.56825162511289,1.00405657349247,0.640239459927351
"wtdyqx",0.62,0.11,1.79,0.68,0.9,6670,2.83214285714286,0.602006499049553,0.307573902980006,0.510914588904942
"wttzoo",0.816326530612245,0.510204081632653,2.25510204081633,0.989795918367347,0.92,9260,3.17142857142857,1.80621140127388,1.44389993152641,0.799408048530786
"wvlnpd",0.83,0.87,1.4,0.95,0.9,8420,2.55357142857143,1.89126254673546,0.691416343161672,0.365584537353176
"wxajhf",0.79,0.39,2.45,0.94,0.96,8965,2.98571428571428,1.71887252485592,1.3716225660464,0.797978061905073
"wztkob",0.85,0.22,2.43,0.93,0.92,9025,3.11428571428571,2.31440676873265,2.17863350169802,0.941335607522019
"wzubrp",0.85,0.32,2.92,0.9,0.9,8720,2.90714285714286,2.0519774050165,2.42772371203704,1.18311425169787
"xakfhm",0.85,0,2.08,0.85,0.98,8500,3.33214285714286,2.02557859064378,0.734299067298721,0.362513244704736
"xaoaob",0.68,0.27,2.22,0.68,0.88,6505,2.47857142857143,0.89045553512503,0.322945866570171,0.362674893727092
"xcgaji",0.7,0.28,2.53,0.8,0.92,7695,2.50714285714286,1.04443693815621,1.1372349540899,1.08884980274397
"xdbfyb",0.676767676767677,0.818181818181818,1.58585858585859,0.878787878787879,0.86,7930,2.70714285714286,0.98449981486972,0.64165839820762,0.65176081144569
"xdcxqc",0.78,0.12,1.44,0.82,0.88,8080,2.71785714285714,1.51932176559731,0.375027482700713,0.246838748178714
"xddxry",0.79,0.68,1.76,0.99,0.96,9110,3.61428571428571,1.81788673103961,2.18659905466721,1.20282469602314
"xdekgz",0.72,0.49,1.39,0.83,0.98,7980,2.74642857142857,1.14246494574137,0.547220416512384,0.478982237969044
"xdmyfp",0.72,0.41,1.6,0.85,0.86,8010,2.56071428571429,1.1377153131012,0.824666732905496,0.724844540114004
"xekjss",0.76,0.98,1.43,1,0.98,8790,3.25357142857143,1.61721798345872,0.426064665105746,0.26345530996046
"xflnqd",0.61,0,1.95,0.61,0.86,6100,2.58571428571428,0.57272722926171,-0.0582397353093056,-0.101688434447898
"xfypfa",0.77,0.49,1.28,0.84,0.96,8125,3.13214285714286,1.47090413851899,0.125484124099069,0.0853108783998768
"xgkaqk",0.64,0.07,2.86,0.64,0.86,6320,3.07142857142857,0.679668855379204,-0.15836423826302,-0.233002052410751
"xheerd",0.77,0,2.03,0.77,0.903846153846154,7700,2.96785714285714,1.44694042409577,0.475744101707769,0.328793151248831
"ximllb",0.84,0.18,1.46,0.87,0.94,8535,2.58928571428571,1.89359732127967,0.383597377055966,0.202576003221602
"xioffr",0.77,0.48,2.24,0.95,0.92,8930,3.08571428571429,1.51559360811662,1.41191493937084,0.931592038795531
"xjtley",0.81,0.34,2.27,0.91,0.94,8765,2.81785714285714,1.82470070929352,1.81612655820002,0.995301064415753
"xkmsjz",0.69,0.2,1.83,0.72,0.857142857142857,7040,2.51071428571428,0.883775086973372,0.45484009629461,0.514655937917737
"xkrlnk",0.85,0.54,2.03,0.95,0.94,8840,3.01071428571429,2.19474449960764,1.7174557107623,0.782531046811752
"xlpdgo",0.71,0.36,1.56,0.8,0.74,7730,2.80357142857143,1.1564607295072,0.0131614243129628,0.011380779283851
"xmphih",0.65,0.85,1.94,0.88,0.76,7700,2.76428571428571,0.752305150714114,1.37130557103641,1.82280497446377
"xmweot",0.65,0.01,2.41,0.67,0.8,6695,2.41071428571429,0.751311280819014,1.53114654625365,2.03796560140096
"xnabbm",0.71,0.6,1.89,0.92,1,8495,3.48928571428571,1.91034454540348,2.16533388992769,1.13347819645296
"xnjzqm",0.73,0.08,2.34,0.76,0.9,7530,3.08214285714286,1.17799119439615,1.13168703544531,0.960692270730785
"xnooab",0.77,0.18,2.08,0.81,0.92,7995,3.075,1.45099731131738,1.59372810089876,1.09836737013096
"xoqkix",0.755102040816326,0.448979591836735,2.04081632653061,0.86734693877551,0.94,8205,2.78214285714286,1.38258041754666,0.696338019359334,0.503651006857861
"xpcolh",0.72,0.71,2.11,0.79,0.96,7065,2.52857142857143,1.15063005507686,0.134170793996668,0.116606370053236
"xplctl",0.77,0.75,1.26,0.99,0.92,9000,3.03928571428571,1.55332944135538,0.783060737736147,0.504117617865324
"xpzdjb",0.78,0.01,1.65,0.79,0.9,7895,2.92142857142857,1.52341497938964,1.0329444546973,0.67804535774694
"xqcdbk",0.76,0.37,2,0.9,0.94,8635,2.99642857142857,1.32123885642484,1.41324993020165,1.06963999986027
"xtllrj",0.78,0,2.73,0.78,0.92,7800,2.83928571428571,1.56962537452231,1.72144844452252,1.09672567254872
"xtzyio",0.78,0.91,1.23,0.95,0.98,8415,2.88214285714285,1.50590496967086,0.546654645700034,0.363007398680353
"xudmvh",0.831578947368421,0.989473684210526,1.15789473684211,0.989473684210526,0.9,8655,2.96428571428571,1.93225174113308,-0.219444478186846,-0.113569300270452
"xujmhe",0.846938775510204,0.0612244897959184,1.93877551020408,0.642857142857143,0.96,6455,3.17142857142857,1.98911647467557,0.107988628428275,0.0542897461275556
"xuslik",0.68,0.02,1.28,0.68,0.92,6790,2.71071428571428,1.23059359580824,0.827649425146298,0.6725611346959
"xxrgdy",0.81,0.26,2.9,0.86,0.94,8350,3.05357142857143,1.81255096344091,1.71568772765754,0.946559717361279
"xzbmos",0.8,0.14,1.83,0.81,0.9,7970,2.57142857142857,1.66026249813065,0.0215572854885438,0.0129842633395719
"xzslwo",0.64,0.76,1.45,0.7,0.7,6065,2.31071428571428,0.849963882456414,0.0765509145999093,0.0900637264476175
"yajqbj",0.68,0.42,2.46,0.75,0.84,7020,2.03214285714286,0.990317677964043,-0.25735193550861,-0.259868061769522
"ybjqrd",0.75,0.44,2.04,0.83,0.84,7825,3.15357142857143,1.38632025141515,0.552655234961564,0.398649038270498
"yccctj",0.818181818181818,0.868686868686869,1.06060606060606,0.98989898989899,0.94,8895,3.28214285714286,2.11709082614172,-0.287298525446335,-0.135704392980589
"ycqvca",0.69,0,2.4,0.69,0.98,6900,3.03928571428571,0.947681661891281,0.77370646940766,0.816420218434511
"ydkkgb",0.85,0,2.35,0.85,0.98,8500,3.73214285714285,2.06305565354317,1.74559124999694,0.846119321599004
"ydlfeg",0.78,0.27,2.41,0.86,0.941176470588235,8285,2.76071428571428,1.6264451540737,1.27201593991894,0.782083513073261
"yduire",0.77,0.76,1.11,0.97,0.96,8900,2.87857142857143,1.4867768217362,0.326796491769771,0.219801981704389
"ydxkpc",0.63,0.41,1.75,0.73,0.74,6915,2.50714285714286,0.646501759636431,0.910156602374854,1.40781767227779
"yeezsi",0.83,0.64,1.15,0.93,0.9,8725,3.18214285714286,1.84941977143907,-0.116544464825996,-0.0630167724092786
"yexccn",0.74,0.01,2.2,0.74,0.96,7395,2.84285714285714,1.47530083057444,0.232182453075107,0.157379734535025
"yfjncc",0.79,0.38,2.57,0.94,0.98,9030,3.05714285714286,1.55654347409212,2.20667116399316,1.41767396845773
"yggevs",0.79,0.17,2.65,0.84,1,8195,3.23571428571428,1.56328443445376,1.34268576130536,0.858887692932558
"yhmewp",0.83,0.85,2.36,0.96,1,8530,3.04285714285714,2.20020565282654,1.39597580767,0.634475148210183
"yjxtvn",0.61,0.26,1.89,0.59,0.94,5725,2.23928571428571,0.57718421972519,0.110311510207974,0.191120107650371
"ympcfq",0.64,0.49,1.76,0.73,0.8,7040,2.55,0.791638607743375,0.777617114044011,0.982288011774295
"ynnshf",0.74,0,1.45,0.73,0.92,7300,3.03928571428571,1.51985137701523,0.198319566797996,0.130486157921222
"yoietp",0.75,0.53,2.43,0.78,0.78,7235,2.23928571428571,1.29686483779027,0.963454168072802,0.742910240140702
"yovnkn",0.747474747474748,0.656565656565657,2.1010101010101,0.94949494949495,0.88,8795,2.61428571428571,1.49019713920543,1.68495049111164,1.13068965627598
"ypavpo",0.62,0.08,2.74,0.63,0.78,6215,2.40357142857143,0.7010986847202,1.48473473792455,2.11772575000207
"yptmzy",0.66,0.26,1.48,0.79,0.86,7650,2.50714285714286,0.820890524509707,1.06026553042662,1.29160405531528
"yqqfsz",0.74,0.12,2.63,0.78,0.88,7680,2.95,1.23573452810686,1.06401822926383,0.861041109609442
"ysvbih",0.71,0.41,2.31,0.84,0.96,7880,2.93571428571428,1.59723668376503,0.835182150178967,0.522891916187563
"ysyvke",0.680412371134021,0.56701030927835,1.56701030927835,0.865979381443299,0.84,7945,2.78214285714286,1.56739301588056,1.21645528697019,0.776100999969552
"ytxvyh",0.81,0.85,2.05,1,0.98,8945,3.26071428571428,1.73208232682285,1.32160097341564,0.763012792723221
"yvxvde",0.724489795918367,0.0510204081632653,2.56122448979592,0.591836734693878,0.84,5845,2.36428571428571,1.19947226856987,1.10476268512134,0.921040622671963
"ywqnfj",0.79,0.83,2.49,0.98,0.92,8860,3.05,1.78205970573129,1.80015127023793,1.01015205295785
"yxgpae",0.7,0,2.23,0.7,0.92,7000,3.00357142857143,1.01107206217418,1.25485050269225,1.24110886813929
"yxplyv",0.85,0.98,1.27,0.96,0.96,8375,3.05714285714286,2.19403863350717,0.309939984332078,0.141264597440856
"yzlzez",0.7,0,2.13,0.72,0.8,7200,2.875,1.06383281829625,0.175416117407695,0.164890680556958
"zaszmp",0.82,0.3,2.52,0.93,0.88,9000,2.91071428571428,1.74175454462661,1.22525316295782,0.70345914511191
"zbdkff",0.73,0.33,2.39,0.84,0.9,8010,2.89642857142857,1.32681839639325,1.53001021732292,1.15314214928133
"zbmeqf",0.64,0.01,2.83,0.65,0.9,6495,2.97857142857143,0.746082563966212,0.294990257150933,0.395385539614746
"zdbqqt",0.68,0.03,2.08,0.68,0.9,6785,2.62857142857143,0.936503861924714,0.495938687685384,0.529563953603058
"zdfgkk",0.64,0,1.53,0.64,0.68,6400,2.15357142857143,0.698025292950106,0.273415625506982,0.391698736805695
"zegemg",0.81,0.28,2.37,0.89,0.98,8595,3.38928571428571,1.69911204143963,1.47429985795366,0.867688429012905
"zfdfyc",0.76,0.57,2.01,0.93,0.92,8580,3.6,1.4142994285082,0.604564812443578,0.427465924299546
"zfefdn",0.69,0.23,2.57,0.73,0.9,7065,2.58928571428571,1.161249733848,0.598806604977938,0.515657043893298
"zfotrc",0.78,0,2,0.78,0.98,7800,2.98571428571429,1.60604731988521,1.9006941189619,1.1834608454113
"zhayum",0.82,0.52,2.03,0.95,0.98,8925,3.20714285714286,1.78168073577608,1.00046338322061,0.561527866991735
"zhslmw",0.76,0.62,2.1,0.96,0.98,8840,3.10357142857143,1.64094839583615,1.06383719044305,0.648306304538585
"zhzczp",0.82,0.65,1.84,1,0.96,9195,3.47857142857143,2.04824792064746,1.24079107495544,0.605781684164104
"zipdjg",0.62,0.02,1.51,0.63,0.88,6260,2.41428571428571,0.441411801123714,0.119783796371595,0.271365187941641
"zjqwwb",0.76,0.58,1.96,0.85,0.94,7805,2.79285714285714,1.47380199209706,1.00275148158285,0.680384126877204
"znmfcm",0.84,0.12,2.61,0.9,0.96,8865,2.93928571428571,1.93725802964155,2.09807525495646,1.08301280616948
"zoazno",0.787878787878788,0.515151515151515,2.45454545454545,0.858585858585859,0.92,7995,2.87857142857143,1.51598229760594,0.294248508660558,0.194097588820952
"zoptjr",0.818181818181818,0.343434343434343,2.43434343434343,0.878787878787879,0.98,8415,3.08214285714286,1.80886933092434,1.01584121653801,0.561589054096523
"zpnzas",0.6,0.06,2.46,0.6,0.88,5970,2.56071428571428,0.490359200376465,-0.833728667202781,-1.70024069409262
"zpwotb",0.82,1,2.02,1,0.98,8750,3.88571428571429,1.87439504748948,-0.00386962370598041,-0.00206446539173441
"zqicdq",0.7,0.9,2.31,0.91,0.92,7975,3.225,1.12474038738656,0.560184165313238,0.49805641514739
"zrhvgc",0.737373737373737,0.0707070707070707,2.03030303030303,0.727272727272727,0.98,7135,2.65714285714286,1.18706725037482,0.989038641736981,0.833178273113583
"zrrdtx",0.85,0.68,1.48,0.95,0.9,8635,3.40714285714286,2.19403863350717,1.14161021166296,0.520323659861039
"zsjhao",0.76,0.59,2.35,0.9,0.98,8285,3.15714285714286,1.43692114804003,1.83189838611993,1.27487746186954
"zsxgyb",0.77,0.02,1.84,0.77,0.9,7660,2.59642857142857,1.33004344121345,0.737812450218383,0.554728084328773
"ztiovk",0.78,0.35,1.75,0.85,0.88,8325,2.66071428571428,1.49182207880974,0.852896404092041,0.571714560473947
"ztpsod",0.77,0.2,1.14,0.82,0.88,8055,2.86785714285714,1.55332944135538,0.100370257040728,0.0646162072053101
"zuruwj",0.77,0.94,1.39,0.99,0.9,8755,3.22857142857143,1.48756106660004,0.669445873981308,0.450029171246993
"zvbgsk",0.69,0.31,2.59,0.8,0.92,7650,2.45,1.01650539671644,1.12426558860071,1.10601044739395
"zvxoil",0.77,0.06,2.58,0.8,0.94,7970,2.95714285714286,1.43167399676156,-0.0513519509067427,-0.0358684665803113
"zwmwvk",0.69,0,2.12,0.7,0.84,7000,2.61785714285714,0.964125709318406,0.836324626922829,0.867443548947651
"zwsauy",0.61,0.1,1.68,0.62,0.68,6135,2.48571428571428,0.57272722926171,0.748563242390913,1.30701528431932
"zwwbce",0.79,0.37,2.3,0.94,0.88,9065,2.74285714285714,1.53876983274312,1.08421006253454,0.704595345882075
"zxwncn",0.82,0.3,1.99,0.89,0.98,8660,3.40357142857143,1.76999345416101,0.615177399964297,0.347559138435286
"zylwrx",0.68,0.35,2.12,0.77,0.9,7510,2.90714285714286,1.14862781325552,0.157552369364846,0.137165727267477
"zysiye",0.66,0.05,2.45,0.68,0.86,6775,2.98571428571429,0.890417643748947,1.38437770452426,1.55475098033276
"zzcjvb",0.73,0,2.03,0.73,0.84,7300,3.18214285714286,1.20475313167912,0.833738495324316,0.692040944655852
