"","sI","tI","rho","aF","av_accuracy","av_search","av_accuracy_s1","av_accuracy_s0"
"1",3.94715387554275,1,0.2,TRUE,0.6,0.300999604452797,0.855445582962311,0.925403113883484
"2",3.63665788868146,1,0.2,FALSE,0.608333333333333,0.30539791649896,NA,NA
"3",3.3699780448092,1,0.2,FALSE,0.616666666666667,0.309087489033602,NA,NA
"4",3.13834420066129,1,0.2,TRUE,0.625,0.302923003535642,0.856231731092831,0.926665224653215
"5",2.93517811393803,1,0.2,FALSE,0.633333333333333,0.306045047464836,NA,NA
"6",2.75544873003645,1,0.2,FALSE,0.641666666666667,0.30039333138412,NA,NA
"7",2.59524236883453,1,0.2,TRUE,0.65,0.303046528445123,0.857383688324045,0.928228084365887
"8",2.45146863731555,1,0.2,FALSE,0.658333333333333,0.297774059489715,NA,NA
"9",2.32165456342262,1,0.2,FALSE,0.666666666666667,0.297326846371145,NA,NA
"10",2.20379754343486,1,0.2,TRUE,0.675,0.299247313053818,0.858738867927304,0.929695118655197
"11",2.09625838876281,1,0.2,FALSE,0.683333333333333,0.294257992781901,NA,NA
"12",1.99768226719199,1,0.2,FALSE,0.691666666666667,0.293171665721341,NA,NA
"13",1.90693940178649,1,0.2,TRUE,0.7,0.288425302872869,0.860073157189304,0.930446107375374
"14",1.82307999427325,1,0.2,FALSE,0.708333333333333,0.28123634303866,NA,NA
"15",1.74529954205237,1,0.2,FALSE,0.716666666666667,0.279875752321726,NA,NA
"16",1.6729118528206,1,0.2,TRUE,0.725,0.278299101736915,0.862028915487135,0.932227600979931
"17",1.60532783081546,1,0.2,FALSE,0.733333333333333,0.27132486374981,NA,NA
"18",1.54203863967302,1,0.2,FALSE,0.741666666666667,0.269555673264737,NA,NA
"19",1.4826022185056,1,0.2,TRUE,0.75,0.262789122019022,0.864195050078227,0.933740718812775
"20",1.42663239143331,1,0.2,FALSE,0.758333333333333,0.256214062114941,NA,NA
"21",1.37379000016445,1,0.2,FALSE,0.766666666666667,0.249816650650354,NA,NA
"22",1.32377562678085,1,0.2,TRUE,0.775,0.245417935497648,0.86691655547892,0.935810881375456
"23",1.2763235748324,1,0.2,FALSE,0.783333333333333,0.239224954140573,NA,NA
"24",1.23119685157517,1,0.2,FALSE,0.791666666666667,0.229237161414579,NA,NA
"25",1.18818294989389,1,0.2,FALSE,0.8,0.224976012103305,NA,NA
"26",1.14709027015194,1,0.2,FALSE,0.808333333333333,0.215626285477545,NA,NA
"27",1.10774505342706,1,0.2,FALSE,0.816666666666667,0.207990782282075,NA,NA
"28",1.06998872076887,1,0.2,TRUE,0.825,0.200572745492291,0.874058263430441,0.940885698642585
"29",1.03367552992392,1,0.2,FALSE,0.833333333333333,0.190220481189294,NA,NA
"30",0.998670472471017,1,0.2,FALSE,0.841666666666667,0.17944335610454,NA,NA
"31",0.964847341022481,1,0.2,TRUE,0.85,0.170253746333818,0.878355028586685,0.943539237620555
"32",0.932086898072079,1,0.2,FALSE,0.858333333333333,0.157448020618911,NA,NA
"33",0.900275074571871,1,0.2,FALSE,0.866666666666667,0.145062563714746,NA,NA
"34",0.869301115868934,1,0.2,TRUE,0.875,0.128115090928156,0.882522732213878,0.945283336578401
"35",0.839055572294523,1,0.2,FALSE,0.883333333333333,0.111456005809398,NA,NA
"36",0.809427996123455,1,0.2,FALSE,0.891666666666667,0.0946235674306205,NA,NA
"37",0.780304146072379,1,0.2,TRUE,0.9,0.0741439528104364,0.886557141645934,0.946548117513989
"38",0.751562396849177,1,0.2,FALSE,0.908333333333333,0.0530371006988024,NA,NA
"39",0.723068869494362,1,0.2,FALSE,0.916666666666667,0.0263943665789819,NA,NA
"40",0.694670467571009,1,0.2,FALSE,0.925,0,NA,NA
"41",0.666184373143596,1,0.2,FALSE,0.933333333333333,0,NA,NA
"42",0.637381277718624,1,0.2,FALSE,0.941666666666667,0,NA,NA
"43",0.607956831911769,1,0.2,TRUE,0.95,0,NA,0.962603904772926
"44",3.94715387554275,1.5,0.2,TRUE,0.6,0.556262371166907,0.855633112449771,0.881927166177339
"45",3.63665788868146,1.5,0.2,FALSE,0.608333333333333,0.556230085138371,NA,NA
"46",3.3699780448092,1.5,0.2,FALSE,0.616666666666667,0.552226786275027,NA,NA
"47",3.13834420066129,1.5,0.2,TRUE,0.625,0.548192289756741,0.856556307418302,0.88368029447266
"48",2.93517811393803,1.5,0.2,FALSE,0.633333333333333,0.5411723745041,NA,NA
"49",2.75544873003645,1.5,0.2,FALSE,0.641666666666667,0.537510688789674,NA,NA
"50",2.59524236883453,1.5,0.2,TRUE,0.65,0.533870342794655,0.857791999182336,0.885492574221648
"51",2.45146863731555,1.5,0.2,FALSE,0.658333333333333,0.526376693766565,NA,NA
"52",2.32165456342262,1.5,0.2,FALSE,0.666666666666667,0.522859992834623,NA,NA
"53",2.20379754343486,1.5,0.2,TRUE,0.675,0.515555912607211,0.859444804844908,0.887974751186912
"54",2.09625838876281,1.5,0.2,FALSE,0.683333333333333,0.508379421350872,NA,NA
"55",1.99768226719199,1.5,0.2,FALSE,0.691666666666667,0.501345663575483,NA,NA
"56",1.90693940178649,1.5,0.2,TRUE,0.7,0.489374970430913,0.86136743843331,0.890217345572231
"57",1.82307999427325,1.5,0.2,FALSE,0.708333333333333,0.482815137746758,NA,NA
"58",1.74529954205237,1.5,0.2,FALSE,0.716666666666667,0.471647095209684,NA,NA
"59",1.6729118528206,1.5,0.2,TRUE,0.725,0.461934848896307,0.863949233242978,0.893586205268896
"60",1.60532783081546,1.5,0.2,FALSE,0.733333333333333,0.447132732736848,NA,NA
"61",1.54203863967302,1.5,0.2,FALSE,0.741666666666667,0.438146974515208,NA,NA
"62",1.4826022185056,1.5,0.2,TRUE,0.75,0.421753041849117,0.866594626775626,0.895804045260233
"63",1.42663239143331,1.5,0.2,FALSE,0.758333333333333,0.409015309372164,NA,NA
"64",1.37379000016445,1.5,0.2,FALSE,0.766666666666667,0.391986545060564,NA,NA
"65",1.32377562678085,1.5,0.2,TRUE,0.775,0.378949788785858,0.869897997228268,0.899063930830405
"66",1.2763235748324,1.5,0.2,FALSE,0.783333333333333,0.361249282860782,NA,NA
"67",1.23119685157517,1.5,0.2,FALSE,0.791666666666667,0.344158839874064,NA,NA
"68",1.18818294989389,1.5,0.2,FALSE,0.8,0.327147978246349,NA,NA
"69",1.14709027015194,1.5,0.2,FALSE,0.808333333333333,0.30987064463655,NA,NA
"70",1.10774505342706,1.5,0.2,FALSE,0.816666666666667,0.289504656811676,NA,NA
"71",1.06998872076887,1.5,0.2,TRUE,0.825,0.2692494069855,0.877595142874551,0.905455491591945
"72",1.03367552992392,1.5,0.2,FALSE,0.833333333333333,0.249862371383718,NA,NA
"73",0.998670472471017,1.5,0.2,FALSE,0.841666666666667,0.227470245695583,NA,NA
"74",0.964847341022481,1.5,0.2,TRUE,0.85,0.200105808558039,0.881618474114085,0.908689671283387
"75",0.932086898072079,1.5,0.2,FALSE,0.858333333333333,0.174354715717387,NA,NA
"76",0.900275074571871,1.5,0.2,FALSE,0.866666666666667,0.147980425642391,NA,NA
"77",0.869301115868934,1.5,0.2,TRUE,0.875,0.122012218504918,0.885174862377308,0.912581595974838
"78",0.839055572294523,1.5,0.2,FALSE,0.883333333333333,0.0948957814354555,NA,NA
"79",0.809427996123455,1.5,0.2,FALSE,0.891666666666667,0.0690502102640679,NA,NA
"80",0.780304146072379,1.5,0.2,TRUE,0.9,0.0460084958306993,0.887569394440745,0.918978319739223
"81",0.751562396849177,1.5,0.2,FALSE,0.908333333333333,0.0263065620457014,NA,NA
"82",0.723068869494362,1.5,0.2,FALSE,0.916666666666667,0.00920142880791308,NA,NA
"83",0.694670467571009,1.5,0.2,FALSE,0.925,0,NA,NA
"84",0.666184373143596,1.5,0.2,FALSE,0.933333333333333,0,NA,NA
"85",0.637381277718624,1.5,0.2,FALSE,0.941666666666667,0,NA,NA
"86",0.607956831911769,1.5,0.2,TRUE,0.95,0,NA,0.953577289394887
"87",3.94715387554275,2,0.2,TRUE,0.6,0.730538926494267,0.855100390866494,0.855857033295068
"88",3.63665788868146,2,0.2,FALSE,0.608333333333333,0.722307484748252,NA,NA
"89",3.3699780448092,2,0.2,FALSE,0.616666666666667,0.720054167635585,NA,NA
"90",3.13834420066129,2,0.2,TRUE,0.625,0.714040277004065,0.856370041237126,0.858295418413733
"91",2.93517811393803,2,0.2,FALSE,0.633333333333333,0.70323091230201,NA,NA
"92",2.75544873003645,2,0.2,FALSE,0.641666666666667,0.696859172838085,NA,NA
"93",2.59524236883453,2,0.2,TRUE,0.65,0.687122315808474,0.857952047417189,0.860133341165173
"94",2.45146863731555,2,0.2,FALSE,0.658333333333333,0.678609172894621,NA,NA
"95",2.32165456342262,2,0.2,FALSE,0.666666666666667,0.665345442996025,NA,NA
"96",2.20379754343486,2,0.2,TRUE,0.675,0.657075916873827,0.86016255234324,0.863118850872322
"97",2.09625838876281,2,0.2,FALSE,0.683333333333333,0.641349765387778,NA,NA
"98",1.99768226719199,2,0.2,FALSE,0.691666666666667,0.630312051928871,NA,NA
"99",1.90693940178649,2,0.2,TRUE,0.7,0.613675977398345,0.862620068706968,0.865017878438882
"100",1.82307999427325,2,0.2,FALSE,0.708333333333333,0.596546712391876,NA,NA
"101",1.74529954205237,2,0.2,FALSE,0.716666666666667,0.578699844323146,NA,NA
"102",1.6729118528206,2,0.2,TRUE,0.725,0.560799555380372,0.865506537438078,0.866984144916925
"103",1.60532783081546,2,0.2,FALSE,0.733333333333333,0.53807728157497,NA,NA
"104",1.54203863967302,2,0.2,FALSE,0.741666666666667,0.519612907928866,NA,NA
"105",1.4826022185056,2,0.2,TRUE,0.75,0.49648871179788,0.868716899378107,0.868738254147765
"106",1.42663239143331,2,0.2,FALSE,0.758333333333333,0.47342690751049,NA,NA
"107",1.37379000016445,2,0.2,FALSE,0.766666666666667,0.45021651595601,NA,NA
"108",1.32377562678085,2,0.2,TRUE,0.775,0.427195467725777,0.872536041211057,0.871615782552762
"109",1.2763235748324,2,0.2,FALSE,0.783333333333333,0.400064625432664,NA,NA
"110",1.23119685157517,2,0.2,FALSE,0.791666666666667,0.377421021225491,NA,NA
"111",1.18818294989389,2,0.2,FALSE,0.8,0.351159879187994,NA,NA
"112",1.14709027015194,2,0.2,FALSE,0.808333333333333,0.321558987423565,NA,NA
"113",1.10774505342706,2,0.2,FALSE,0.816666666666667,0.29294459681742,NA,NA
"114",1.06998872076887,2,0.2,TRUE,0.825,0.261904364391831,0.881190761273395,0.879240704474625
"115",1.03367552992392,2,0.2,FALSE,0.833333333333333,0.229172313268544,NA,NA
"116",0.998670472471017,2,0.2,FALSE,0.841666666666667,0.195628012591592,NA,NA
"117",0.964847341022481,2,0.2,TRUE,0.85,0.162270735042223,0.885019871259963,0.88403196108595
"118",0.932086898072079,2,0.2,FALSE,0.858333333333333,0.130169165432751,NA,NA
"119",0.900275074571871,2,0.2,FALSE,0.866666666666667,0.0983889424409197,NA,NA
"120",0.869301115868934,2,0.2,TRUE,0.875,0.0706700411670707,0.887977565697185,0.892097574416506
"121",0.839055572294523,2,0.2,FALSE,0.883333333333333,0.0465417496816538,NA,NA
"122",0.809427996123455,2,0.2,FALSE,0.891666666666667,0.0282126595248407,NA,NA
"123",0.780304146072379,2,0.2,TRUE,0.9,0.01438603637273,0.889581900360428,0.906293609424946
"124",0.751562396849177,2,0.2,FALSE,0.908333333333333,0.00620389711257173,NA,NA
"125",0.723068869494362,2,0.2,FALSE,0.916666666666667,0.00198265853520008,NA,NA
"126",0.694670467571009,2,0.2,FALSE,0.925,0.000394315484162506,NA,NA
"127",0.666184373143596,2,0.2,FALSE,0.933333333333333,3.23757814227322e-05,NA,NA
"128",0.637381277718624,2,0.2,FALSE,0.941666666666667,0,NA,NA
"129",0.607956831911769,2,0.2,TRUE,0.95,0,NA,0.950945371789819
"130",3.94715387554275,3,0.2,TRUE,0.6,0.908401841220033,0.853577246552017,0.827658729152806
"131",3.63665788868146,3,0.2,FALSE,0.608333333333333,0.901240308028395,NA,NA
"132",3.3699780448092,3,0.2,FALSE,0.616666666666667,0.894524867941708,NA,NA
"133",3.13834420066129,3,0.2,TRUE,0.625,0.886162350421938,0.855694001673456,0.828724108092611
"134",2.93517811393803,3,0.2,FALSE,0.633333333333333,0.876782245062846,NA,NA
"135",2.75544873003645,3,0.2,FALSE,0.641666666666667,0.866399656059079,NA,NA
"136",2.59524236883453,3,0.2,TRUE,0.65,0.85270530661868,0.858377081650174,0.829173376426031
"137",2.45146863731555,3,0.2,FALSE,0.658333333333333,0.838154783070142,NA,NA
"138",2.32165456342262,3,0.2,FALSE,0.666666666666667,0.822740895240177,NA,NA
"139",2.20379754343486,3,0.2,TRUE,0.675,0.806534840305891,0.861554337816572,0.829393432693357
"140",2.09625838876281,3,0.2,FALSE,0.683333333333333,0.789563515309649,NA,NA
"141",1.99768226719199,3,0.2,FALSE,0.691666666666667,0.768394029007371,NA,NA
"142",1.90693940178649,3,0.2,TRUE,0.7,0.746261284322031,0.8652112124881,0.82991660171201
"143",1.82307999427325,3,0.2,FALSE,0.708333333333333,0.723235903661185,NA,NA
"144",1.74529954205237,3,0.2,FALSE,0.716666666666667,0.699364920726713,NA,NA
"145",1.6729118528206,3,0.2,TRUE,0.725,0.670788893416564,0.869337186494934,0.831242832999969
"146",1.60532783081546,3,0.2,FALSE,0.733333333333333,0.641348300877607,NA,NA
"147",1.54203863967302,3,0.2,FALSE,0.741666666666667,0.611209208364786,NA,NA
"148",1.4826022185056,3,0.2,TRUE,0.75,0.576281775706378,0.87381375095155,0.833311636158888
"149",1.42663239143331,3,0.2,FALSE,0.758333333333333,0.54090096064471,NA,NA
"150",1.37379000016445,3,0.2,FALSE,0.766666666666667,0.501017426502355,NA,NA
"151",1.32377562678085,3,0.2,TRUE,0.775,0.461233229353482,0.878528046846085,0.836398963206511
"152",1.2763235748324,3,0.2,FALSE,0.783333333333333,0.417700740174722,NA,NA
"153",1.23119685157517,3,0.2,FALSE,0.791666666666667,0.375174042965765,NA,NA
"154",1.18818294989389,3,0.2,FALSE,0.8,0.33017206885206,NA,NA
"155",1.14709027015194,3,0.2,FALSE,0.808333333333333,0.280076187618721,NA,NA
"156",1.10774505342706,3,0.2,FALSE,0.816666666666667,0.230422103974336,NA,NA
"157",1.06998872076887,3,0.2,TRUE,0.825,0.182822732747813,0.88763144667053,0.847514582338597
"158",1.03367552992392,3,0.2,FALSE,0.833333333333333,0.138915867808327,NA,NA
"159",0.998670472471017,3,0.2,FALSE,0.841666666666667,0.0981958077491255,NA,NA
"160",0.964847341022481,3,0.2,TRUE,0.85,0.0647610015253716,0.891314655741784,0.858841405299426
"161",0.932086898072079,3,0.2,FALSE,0.858333333333333,0.0381041360969277,NA,NA
"162",0.900275074571871,3,0.2,FALSE,0.866666666666667,0.0198147884023979,NA,NA
"163",0.869301115868934,3,0.2,TRUE,0.875,0.00867807852935577,0.894013873397446,0.876933080297329
"164",0.839055572294523,3,0.2,FALSE,0.883333333333333,0.00323536166519676,NA,NA
"165",0.809427996123455,3,0.2,FALSE,0.891666666666667,0.000873897292927644,NA,NA
"166",0.780304146072379,3,0.2,TRUE,0.9,0.000178644611184922,0.89881853404356,0.900351971143427
"167",0.751562396849177,3,0.2,FALSE,0.908333333333333,2.38367542850901e-05,NA,NA
"168",0.723068869494362,3,0.2,FALSE,0.916666666666667,0,NA,NA
"169",0.694670467571009,3,0.2,FALSE,0.925,0,NA,NA
"170",0.666184373143596,3,0.2,FALSE,0.933333333333333,0,NA,NA
"171",0.637381277718624,3,0.2,FALSE,0.941666666666667,0,NA,NA
"172",0.607956831911769,3,0.2,TRUE,0.95,0,NA,0.950000621540893
"173",3.94715387554275,4,0.2,TRUE,0.6,0.973905712569067,0.852220334054022,0.81087957016507
"174",3.63665788868146,4,0.2,FALSE,0.608333333333333,0.969997782559434,NA,NA
"175",3.3699780448092,4,0.2,FALSE,0.616666666666667,0.964610435591663,NA,NA
"176",3.13834420066129,4,0.2,TRUE,0.625,0.959830094122752,0.85519888638236,0.810840142568375
"177",2.93517811393803,4,0.2,FALSE,0.633333333333333,0.953280340408126,NA,NA
"178",2.75544873003645,4,0.2,FALSE,0.641666666666667,0.946061358698274,NA,NA
"179",2.59524236883453,4,0.2,TRUE,0.65,0.936528857271203,0.858815884156745,0.810067489243024
"180",2.45146863731555,4,0.2,FALSE,0.658333333333333,0.927761818732745,NA,NA
"181",2.32165456342262,4,0.2,FALSE,0.666666666666667,0.916327543628084,NA,NA
"182",2.20379754343486,4,0.2,TRUE,0.675,0.9016888637548,0.863052666578663,0.810064050863833
"183",2.09625838876281,4,0.2,FALSE,0.683333333333333,0.887925774887325,NA,NA
"184",1.99768226719199,4,0.2,FALSE,0.691666666666667,0.868010851238144,NA,NA
"185",1.90693940178649,4,0.2,TRUE,0.7,0.848975127605118,0.867788571406084,0.810644803792656
"186",1.82307999427325,4,0.2,FALSE,0.708333333333333,0.825530702790675,NA,NA
"187",1.74529954205237,4,0.2,FALSE,0.716666666666667,0.797072004627956,NA,NA
"188",1.6729118528206,4,0.2,TRUE,0.725,0.766477869377041,0.872806812973159,0.811410409429401
"189",1.60532783081546,4,0.2,FALSE,0.733333333333333,0.730254040686501,NA,NA
"190",1.54203863967302,4,0.2,FALSE,0.741666666666667,0.68802560504313,NA,NA
"191",1.4826022185056,4,0.2,TRUE,0.75,0.643684354274627,0.877947777495747,0.812981133154306
"192",1.42663239143331,4,0.2,FALSE,0.758333333333333,0.593564764982003,NA,NA
"193",1.37379000016445,4,0.2,FALSE,0.766666666666667,0.538015961378234,NA,NA
"194",1.32377562678085,4,0.2,TRUE,0.775,0.473556984071025,0.883005965411657,0.815994842441561
"195",1.2763235748324,4,0.2,FALSE,0.783333333333333,0.410003222060694,NA,NA
"196",1.23119685157517,4,0.2,FALSE,0.791666666666667,0.344822493420617,NA,NA
"197",1.18818294989389,4,0.2,FALSE,0.8,0.272976143304502,NA,NA
"198",1.14709027015194,4,0.2,FALSE,0.808333333333333,0.20580223601171,NA,NA
"199",1.10774505342706,4,0.2,FALSE,0.816666666666667,0.141174325068692,NA,NA
"200",1.06998872076887,4,0.2,TRUE,0.825,0.0888870730012399,0.891830666082881,0.832346399466362
"201",1.03367552992392,4,0.2,FALSE,0.833333333333333,0.048876349610801,NA,NA
"202",0.998670472471017,4,0.2,FALSE,0.841666666666667,0.0228915746308699,NA,NA
"203",0.964847341022481,4,0.2,TRUE,0.85,0.00845954722012147,0.895256812506559,0.850842320172212
"204",0.932086898072079,4,0.2,FALSE,0.858333333333333,0.00220205005603273,NA,NA
"205",0.900275074571871,4,0.2,FALSE,0.866666666666667,0.000378581278214558,NA,NA
"206",0.869301115868934,4,0.2,TRUE,0.875,2.95568319406604e-05,0.904817304873754,0.874945467503862
"207",0.839055572294523,4,0.2,FALSE,0.883333333333333,0,NA,NA
"208",0.809427996123455,4,0.2,FALSE,0.891666666666667,0,NA,NA
"209",0.780304146072379,4,0.2,TRUE,0.9,0,NA,0.90000284007789
"210",0.751562396849177,4,0.2,FALSE,0.908333333333333,0,NA,NA
"211",0.723068869494362,4,0.2,FALSE,0.916666666666667,0,NA,NA
"212",0.694670467571009,4,0.2,FALSE,0.925,0,NA,NA
"213",0.666184373143596,4,0.2,FALSE,0.933333333333333,0,NA,NA
"214",0.637381277718624,4,0.2,FALSE,0.941666666666667,0,NA,NA
"215",0.607956831911769,4,0.2,TRUE,0.95,0,NA,0.950203210943535
"216",3.94715387554275,1,0.5,TRUE,0.6,0.285454545008711,0.858622176384331,0.92730469034822
"217",3.63665788868146,1,0.5,FALSE,0.608333333333333,0.284099027318874,NA,NA
"218",3.3699780448092,1,0.5,FALSE,0.616666666666667,0.301215366294781,NA,NA
"219",3.13834420066129,1,0.5,TRUE,0.625,0.299208434118612,0.857649247928273,0.927775862903508
"220",2.93517811393803,1,0.5,FALSE,0.633333333333333,0.304081974138859,NA,NA
"221",2.75544873003645,1,0.5,FALSE,0.641666666666667,0.302195477652757,NA,NA
"222",2.59524236883453,1,0.5,TRUE,0.65,0.306205440989878,0.856726571843112,0.927440061159715
"223",2.45146863731555,1,0.5,FALSE,0.658333333333333,0.309643017423965,NA,NA
"224",2.32165456342262,1,0.5,FALSE,0.666666666666667,0.304757620284138,NA,NA
"225",2.20379754343486,1,0.5,TRUE,0.675,0.307562022749012,0.855984503405752,0.926681738724126
"226",2.09625838876281,1,0.5,FALSE,0.683333333333333,0.309961361155863,NA,NA
"227",1.99768226719199,1,0.5,FALSE,0.691666666666667,0.305021319179293,NA,NA
"228",1.90693940178649,1,0.5,TRUE,0.7,0.310552753788337,0.856099839759899,0.92715035664782
"229",1.82307999427325,1,0.5,FALSE,0.708333333333333,0.308750737674468,NA,NA
"230",1.74529954205237,1,0.5,FALSE,0.716666666666667,0.309879435045997,NA,NA
"231",1.6729118528206,1,0.5,TRUE,0.725,0.307526384459322,0.856510204343521,0.927357228358948
"232",1.60532783081546,1,0.5,FALSE,0.733333333333333,0.304935028466453,NA,NA
"233",1.54203863967302,1,0.5,FALSE,0.741666666666667,0.304521291943222,NA,NA
"234",1.4826022185056,1,0.5,TRUE,0.75,0.301360580273444,0.857543614826785,0.928057904280688
"235",1.42663239143331,1,0.5,FALSE,0.758333333333333,0.300059198461083,NA,NA
"236",1.37379000016445,1,0.5,FALSE,0.766666666666667,0.293150041858152,NA,NA
"237",1.32377562678085,1,0.5,TRUE,0.775,0.291153111194877,0.859240492119102,0.929215399901879
"238",1.2763235748324,1,0.5,FALSE,0.783333333333333,0.285463455007905,NA,NA
"239",1.23119685157517,1,0.5,FALSE,0.791666666666667,0.27949407664841,NA,NA
"240",1.18818294989389,1,0.5,FALSE,0.8,0.273312497695457,NA,NA
"241",1.14709027015194,1,0.5,FALSE,0.808333333333333,0.266978101440985,NA,NA
"242",1.10774505342706,1,0.5,FALSE,0.816666666666667,0.261445178569304,NA,NA
"243",1.06998872076887,1,0.5,TRUE,0.825,0.252430254767205,0.864660678001387,0.932389683704195
"244",1.03367552992392,1,0.5,FALSE,0.833333333333333,0.24266788635559,NA,NA
"245",0.998670472471017,1,0.5,FALSE,0.841666666666667,0.230174396821978,NA,NA
"246",0.964847341022481,1,0.5,TRUE,0.85,0.219659709474446,0.868402539770755,0.934015347201758
"247",0.932086898072079,1,0.5,FALSE,0.858333333333333,0.205915423981489,NA,NA
"248",0.900275074571871,1,0.5,FALSE,0.866666666666667,0.19180448560864,NA,NA
"249",0.869301115868934,1,0.5,TRUE,0.875,0.178390941472525,0.873194306392317,0.936203273262667
"250",0.839055572294523,1,0.5,FALSE,0.883333333333333,0.161896741630825,NA,NA
"251",0.809427996123455,1,0.5,FALSE,0.891666666666667,0.143555739501665,NA,NA
"252",0.780304146072379,1,0.5,TRUE,0.9,0.123782858434527,0.878556880010704,0.938500530642647
"253",0.751562396849177,1,0.5,FALSE,0.908333333333333,0.101140994487009,NA,NA
"254",0.723068869494362,1,0.5,FALSE,0.916666666666667,0.0795071059579556,NA,NA
"255",0.694670467571009,1,0.5,FALSE,0.925,0.0581879575695931,NA,NA
"256",0.666184373143596,1,0.5,FALSE,0.933333333333333,0.0379920791916842,NA,NA
"257",0.637381277718624,1,0.5,FALSE,0.941666666666667,0.0221432219879011,NA,NA
"258",0.607956831911769,1,0.5,TRUE,0.95,0.010018983665516,0.889032299173139,0.953336009326182
"259",3.94715387554275,1.5,0.5,TRUE,0.6,0.55540215183984,0.855226383553276,0.880383625225106
"260",3.63665788868146,1.5,0.5,FALSE,0.608333333333333,0.556108883683147,NA,NA
"261",3.3699780448092,1.5,0.5,FALSE,0.616666666666667,0.564647661995132,NA,NA
"262",3.13834420066129,1.5,0.5,TRUE,0.625,0.564118858168282,0.855063471034538,0.880982114477719
"263",2.93517811393803,1.5,0.5,FALSE,0.633333333333333,0.566385401913332,NA,NA
"264",2.75544873003645,1.5,0.5,FALSE,0.641666666666667,0.567833133410136,NA,NA
"265",2.59524236883453,1.5,0.5,TRUE,0.65,0.561787787720388,0.855159684769045,0.88094949618699
"266",2.45146863731555,1.5,0.5,FALSE,0.658333333333333,0.56240773878831,NA,NA
"267",2.32165456342262,1.5,0.5,FALSE,0.666666666666667,0.558025885697984,NA,NA
"268",2.20379754343486,1.5,0.5,TRUE,0.675,0.554850903130597,0.855901754492999,0.881835314412398
"269",2.09625838876281,1.5,0.5,FALSE,0.683333333333333,0.551084679292549,NA,NA
"270",1.99768226719199,1.5,0.5,FALSE,0.691666666666667,0.546902590264351,NA,NA
"271",1.90693940178649,1.5,0.5,TRUE,0.7,0.542435133370516,0.857353023765218,0.883443447316865
"272",1.82307999427325,1.5,0.5,FALSE,0.708333333333333,0.533144355142714,NA,NA
"273",1.74529954205237,1.5,0.5,FALSE,0.716666666666667,0.524460206538442,NA,NA
"274",1.6729118528206,1.5,0.5,TRUE,0.725,0.515621523529318,0.859175721240382,0.883886519420014
"275",1.60532783081546,1.5,0.5,FALSE,0.733333333333333,0.507160475645448,NA,NA
"276",1.54203863967302,1.5,0.5,FALSE,0.741666666666667,0.493792666701421,NA,NA
"277",1.4826022185056,1.5,0.5,TRUE,0.75,0.483455515034919,0.861980598888721,0.885140761937342
"278",1.42663239143331,1.5,0.5,FALSE,0.758333333333333,0.46913772624005,NA,NA
"279",1.37379000016445,1.5,0.5,FALSE,0.766666666666667,0.449743738901989,NA,NA
"280",1.32377562678085,1.5,0.5,TRUE,0.775,0.434877630094569,0.865361127187473,0.885324388509656
"281",1.2763235748324,1.5,0.5,FALSE,0.783333333333333,0.415156090453422,NA,NA
"282",1.23119685157517,1.5,0.5,FALSE,0.791666666666667,0.390880004356148,NA,NA
"283",1.18818294989389,1.5,0.5,FALSE,0.8,0.371302887529015,NA,NA
"284",1.14709027015194,1.5,0.5,FALSE,0.808333333333333,0.347524954899456,NA,NA
"285",1.10774505342706,1.5,0.5,FALSE,0.816666666666667,0.319946261427868,NA,NA
"286",1.06998872076887,1.5,0.5,TRUE,0.825,0.293249776791587,0.874523093185559,0.885317984019406
"287",1.03367552992392,1.5,0.5,FALSE,0.833333333333333,0.263639684096468,NA,NA
"288",0.998670472471017,1.5,0.5,FALSE,0.841666666666667,0.231875481178403,NA,NA
"289",0.964847341022481,1.5,0.5,TRUE,0.85,0.202278232764578,0.880458452409259,0.887009975586514
"290",0.932086898072079,1.5,0.5,FALSE,0.858333333333333,0.165708106519009,NA,NA
"291",0.900275074571871,1.5,0.5,FALSE,0.866666666666667,0.130883469756875,NA,NA
"292",0.869301115868934,1.5,0.5,TRUE,0.875,0.0968986317572664,0.886274654917312,0.890924506565971
"293",0.839055572294523,1.5,0.5,FALSE,0.883333333333333,0.0662564088538708,NA,NA
"294",0.809427996123455,1.5,0.5,FALSE,0.891666666666667,0.0376910111716224,NA,NA
"295",0.780304146072379,1.5,0.5,TRUE,0.9,0.0166099553102739,0.892134883057521,0.902365048858599
"296",0.751562396849177,1.5,0.5,FALSE,0.908333333333333,0.00401913720964477,NA,NA
"297",0.723068869494362,1.5,0.5,FALSE,0.916666666666667,8.00413641004897e-05,NA,NA
"298",0.694670467571009,1.5,0.5,FALSE,0.925,0,NA,NA
"299",0.666184373143596,1.5,0.5,FALSE,0.933333333333333,0,NA,NA
"300",0.637381277718624,1.5,0.5,FALSE,0.941666666666667,0,NA,NA
"301",0.607956831911769,1.5,0.5,TRUE,0.95,0,NA,0.951003013163836
"302",3.94715387554275,2,0.5,TRUE,0.6,0.742061050343584,0.853686860562752,0.851688215231334
"303",3.63665788868146,2,0.5,FALSE,0.608333333333333,0.743149126801974,NA,NA
"304",3.3699780448092,2,0.5,FALSE,0.616666666666667,0.744897819321996,NA,NA
"305",3.13834420066129,2,0.5,TRUE,0.625,0.740493009256417,0.85411948460031,0.85273520509176
"306",2.93517811393803,2,0.5,FALSE,0.633333333333333,0.742009872859453,NA,NA
"307",2.75544873003645,2,0.5,FALSE,0.641666666666667,0.737932737793616,NA,NA
"308",2.59524236883453,2,0.5,TRUE,0.65,0.734742179115769,0.855413615668806,0.85513890580153
"309",2.45146863731555,2,0.5,FALSE,0.658333333333333,0.726508738349781,NA,NA
"310",2.32165456342262,2,0.5,FALSE,0.666666666666667,0.718385052032694,NA,NA
"311",2.20379754343486,2,0.5,TRUE,0.675,0.710663905324332,0.85713598459106,0.854854834142689
"312",2.09625838876281,2,0.5,FALSE,0.683333333333333,0.703248202686994,NA,NA
"313",1.99768226719199,2,0.5,FALSE,0.691666666666667,0.692115448992774,NA,NA
"314",1.90693940178649,2,0.5,TRUE,0.7,0.678874311224114,0.85983551751392,0.854750619287522
"315",1.82307999427325,2,0.5,FALSE,0.708333333333333,0.66516505577386,NA,NA
"316",1.74529954205237,2,0.5,FALSE,0.716666666666667,0.646593029379458,NA,NA
"317",1.6729118528206,2,0.5,TRUE,0.725,0.632182791300524,0.863356009945533,0.85366630636205
"318",1.60532783081546,2,0.5,FALSE,0.733333333333333,0.612944903895241,NA,NA
"319",1.54203863967302,2,0.5,FALSE,0.741666666666667,0.588770563721049,NA,NA
"320",1.4826022185056,2,0.5,TRUE,0.75,0.569056453974145,0.867734362882064,0.852080819112402
"321",1.42663239143331,2,0.5,FALSE,0.758333333333333,0.544473765488849,NA,NA
"322",1.37379000016445,2,0.5,FALSE,0.766666666666667,0.515028433785423,NA,NA
"323",1.32377562678085,2,0.5,TRUE,0.775,0.485600447198432,0.872939790019667,0.8505993561485
"324",1.2763235748324,2,0.5,FALSE,0.783333333333333,0.45161503553529,NA,NA
"325",1.23119685157517,2,0.5,FALSE,0.791666666666667,0.413430699042085,NA,NA
"326",1.18818294989389,2,0.5,FALSE,0.8,0.376139056891927,NA,NA
"327",1.14709027015194,2,0.5,FALSE,0.808333333333333,0.331354539946449,NA,NA
"328",1.10774505342706,2,0.5,FALSE,0.816666666666667,0.280793607472065,NA,NA
"329",1.06998872076887,2,0.5,TRUE,0.825,0.226951127397597,0.884885583777782,0.850244598741058
"330",1.03367552992392,2,0.5,FALSE,0.833333333333333,0.173046566211206,NA,NA
"331",0.998670472471017,2,0.5,FALSE,0.841666666666667,0.115395774229099,NA,NA
"332",0.964847341022481,2,0.5,TRUE,0.85,0.0593616616956069,0.890359581345486,0.855461509383926
"333",0.932086898072079,2,0.5,FALSE,0.858333333333333,0.0161557961717892,NA,NA
"334",0.900275074571871,2,0.5,FALSE,0.866666666666667,0,NA,NA
"335",0.869301115868934,2,0.5,TRUE,0.875,0,NA,0.875671964338774
"336",0.839055572294523,2,0.5,FALSE,0.883333333333333,0,NA,NA
"337",0.809427996123455,2,0.5,FALSE,0.891666666666667,0,NA,NA
"338",0.780304146072379,2,0.5,TRUE,0.9,0,NA,0.901790206923939
"339",0.751562396849177,2,0.5,FALSE,0.908333333333333,0,NA,NA
"340",0.723068869494362,2,0.5,FALSE,0.916666666666667,0,NA,NA
"341",0.694670467571009,2,0.5,FALSE,0.925,0,NA,NA
"342",0.666184373143596,2,0.5,FALSE,0.933333333333333,0,NA,NA
"343",0.637381277718624,2,0.5,FALSE,0.941666666666667,0,NA,NA
"344",0.607956831911769,2,0.5,TRUE,0.95,0,NA,0.954146617018183
"345",3.94715387554275,3,0.5,TRUE,0.6,0.929454666450946,0.851784971979278,0.823564408287163
"346",3.63665788868146,3,0.5,FALSE,0.608333333333333,0.9293869921363,NA,NA
"347",3.3699780448092,3,0.5,FALSE,0.616666666666667,0.927706094052733,NA,NA
"348",3.13834420066129,3,0.5,TRUE,0.625,0.9245206796296,0.853775061631688,0.824739085805072
"349",2.93517811393803,3,0.5,FALSE,0.633333333333333,0.921347082652574,NA,NA
"350",2.75544873003645,3,0.5,FALSE,0.641666666666667,0.914890610141534,NA,NA
"351",2.59524236883453,3,0.5,TRUE,0.65,0.910352425684801,0.856757710393321,0.82326910494475
"352",2.45146863731555,3,0.5,FALSE,0.658333333333333,0.903341251836864,NA,NA
"353",2.32165456342262,3,0.5,FALSE,0.666666666666667,0.89600649864104,NA,NA
"354",2.20379754343486,3,0.5,TRUE,0.675,0.888349458774386,0.860783903752597,0.820792747639861
"355",2.09625838876281,3,0.5,FALSE,0.683333333333333,0.877687612024216,NA,NA
"356",1.99768226719199,3,0.5,FALSE,0.691666666666667,0.869284471547917,NA,NA
"357",1.90693940178649,3,0.5,TRUE,0.7,0.854667438016386,0.865792767792006,0.817587607827349
"358",1.82307999427325,3,0.5,FALSE,0.708333333333333,0.842326061180025,NA,NA
"359",1.74529954205237,3,0.5,FALSE,0.716666666666667,0.826170601791393,NA,NA
"360",1.6729118528206,3,0.5,TRUE,0.725,0.805723894696093,0.871781776392339,0.81475590788027
"361",1.60532783081546,3,0.5,FALSE,0.733333333333333,0.784150056199062,NA,NA
"362",1.54203863967302,3,0.5,FALSE,0.741666666666667,0.753763189786543,NA,NA
"363",1.4826022185056,3,0.5,TRUE,0.75,0.721665225377214,0.878460456440899,0.811437074814303
"364",1.42663239143331,3,0.5,FALSE,0.758333333333333,0.679456459953753,NA,NA
"365",1.37379000016445,3,0.5,FALSE,0.766666666666667,0.626347400760892,NA,NA
"366",1.32377562678085,3,0.5,TRUE,0.775,0.557465816651022,0.885419295102649,0.808798995514881
"367",1.2763235748324,3,0.5,FALSE,0.783333333333333,0.473628555225519,NA,NA
"368",1.23119685157517,3,0.5,FALSE,0.791666666666667,0.352066403201458,NA,NA
"369",1.18818294989389,3,0.5,FALSE,0.8,0.152505987095124,NA,NA
"370",1.14709027015194,3,0.5,FALSE,0.808333333333333,0,NA,NA
"371",1.10774505342706,3,0.5,FALSE,0.816666666666667,0,NA,NA
"372",1.06998872076887,3,0.5,TRUE,0.825,0,NA,0.828258024576802
"373",1.03367552992392,3,0.5,FALSE,0.833333333333333,0,NA,NA
"374",0.998670472471017,3,0.5,FALSE,0.841666666666667,0,NA,NA
"375",0.964847341022481,3,0.5,TRUE,0.85,0,NA,0.855016005775882
"376",0.932086898072079,3,0.5,FALSE,0.858333333333333,0,NA,NA
"377",0.900275074571871,3,0.5,FALSE,0.866666666666667,0,NA,NA
"378",0.869301115868934,3,0.5,TRUE,0.875,0,NA,0.881745871884686
"379",0.839055572294523,3,0.5,FALSE,0.883333333333333,0,NA,NA
"380",0.809427996123455,3,0.5,FALSE,0.891666666666667,0,NA,NA
"381",0.780304146072379,3,0.5,TRUE,0.9,0,NA,0.908210030223258
"382",0.751562396849177,3,0.5,FALSE,0.908333333333333,0,NA,NA
"383",0.723068869494362,3,0.5,FALSE,0.916666666666667,0,NA,NA
"384",0.694670467571009,3,0.5,FALSE,0.925,0,NA,NA
"385",0.666184373143596,3,0.5,FALSE,0.933333333333333,0,NA,NA
"386",0.637381277718624,3,0.5,FALSE,0.941666666666667,0,NA,NA
"387",0.607956831911769,3,0.5,TRUE,0.95,0,NA,0.958992033415872
"388",3.94715387554275,4,0.5,TRUE,0.6,0.98767901828303,0.850451715459391,0.808043306878394
"389",3.63665788868146,4,0.5,FALSE,0.608333333333333,0.987054903244051,NA,NA
"390",3.3699780448092,4,0.5,FALSE,0.616666666666667,0.985757317244474,NA,NA
"391",3.13834420066129,4,0.5,TRUE,0.625,0.984375811826421,0.853453109209043,0.80647622925203
"392",2.93517811393803,4,0.5,FALSE,0.633333333333333,0.982907852376041,NA,NA
"393",2.75544873003645,4,0.5,FALSE,0.641666666666667,0.981350989688289,NA,NA
"394",2.59524236883453,4,0.5,TRUE,0.65,0.979702872845829,0.857628656553166,0.804189867692751
"395",2.45146863731555,4,0.5,FALSE,0.658333333333333,0.977961262633936,NA,NA
"396",2.32165456342262,4,0.5,FALSE,0.666666666666667,0.975172658187515,NA,NA
"397",2.20379754343486,4,0.5,TRUE,0.675,0.972159693725839,0.862931710037313,0.801222675182638
"398",2.09625838876281,4,0.5,FALSE,0.683333333333333,0.968915053566019,NA,NA
"399",1.99768226719199,4,0.5,FALSE,0.691666666666667,0.965431961671421,NA,NA
"400",1.90693940178649,4,0.5,TRUE,0.7,0.959075788778055,0.869283562745249,0.797877967836206
"401",1.82307999427325,4,0.5,FALSE,0.708333333333333,0.952002701106675,NA,NA
"402",1.74529954205237,4,0.5,FALSE,0.716666666666667,0.9425273414626,NA,NA
"403",1.6729118528206,4,0.5,TRUE,0.725,0.928142963312042,0.876458001638565,0.794795035714782
"404",1.60532783081546,4,0.5,FALSE,0.733333333333333,0.90948678011626,NA,NA
"405",1.54203863967302,4,0.5,FALSE,0.741666666666667,0.883030983873106,NA,NA
"406",1.4826022185056,4,0.5,TRUE,0.75,0.843509671483526,0.884158596287354,0.791883166237628
"407",1.42663239143331,4,0.5,FALSE,0.758333333333333,0.789823545901311,NA,NA
"408",1.37379000016445,4,0.5,FALSE,0.766666666666667,0.702107347207678,NA,NA
"409",1.32377562678085,4,0.5,TRUE,0.775,0.515685901561504,0.892421842644545,0.789874103517604
"410",1.2763235748324,4,0.5,FALSE,0.783333333333333,0,NA,NA
"411",1.23119685157517,4,0.5,FALSE,0.791666666666667,0,NA,NA
"412",1.18818294989389,4,0.5,FALSE,0.8,0,NA,NA
"413",1.14709027015194,4,0.5,FALSE,0.808333333333333,0,NA,NA
"414",1.10774505342706,4,0.5,FALSE,0.816666666666667,0,NA,NA
"415",1.06998872076887,4,0.5,TRUE,0.825,0,NA,0.833398993716368
"416",1.03367552992392,4,0.5,FALSE,0.833333333333333,0,NA,NA
"417",0.998670472471017,4,0.5,FALSE,0.841666666666667,0,NA,NA
"418",0.964847341022481,4,0.5,TRUE,0.85,0,NA,0.860311135396931
"419",0.932086898072079,4,0.5,FALSE,0.858333333333333,0,NA,NA
"420",0.900275074571871,4,0.5,FALSE,0.866666666666667,0,NA,NA
"421",0.869301115868934,4,0.5,TRUE,0.875,0,NA,0.886875494401744
"422",0.839055572294523,4,0.5,FALSE,0.883333333333333,0,NA,NA
"423",0.809427996123455,4,0.5,FALSE,0.891666666666667,0,NA,NA
"424",0.780304146072379,4,0.5,TRUE,0.9,0,NA,0.912874284037365
"425",0.751562396849177,4,0.5,FALSE,0.908333333333333,0,NA,NA
"426",0.723068869494362,4,0.5,FALSE,0.916666666666667,0,NA,NA
"427",0.694670467571009,4,0.5,FALSE,0.925,0,NA,NA
"428",0.666184373143596,4,0.5,FALSE,0.933333333333333,0,NA,NA
"429",0.637381277718624,4,0.5,FALSE,0.941666666666667,0,NA,NA
"430",0.607956831911769,4,0.5,TRUE,0.95,0,NA,0.961860194604178
"431",3.94715387554275,1,0.8,TRUE,0.6,0.105312652429223,0.887648841383358,0.931048809889556
"432",3.63665788868146,1,0.8,FALSE,0.608333333333333,0.118997689619941,NA,NA
"433",3.3699780448092,1,0.8,FALSE,0.616666666666667,0.130232727783393,NA,NA
"434",3.13834420066129,1,0.8,TRUE,0.625,0.141647970600399,0.87987244205631,0.928418262856199
"435",2.93517811393803,1,0.8,FALSE,0.633333333333333,0.160067930756006,NA,NA
"436",2.75544873003645,1,0.8,FALSE,0.641666666666667,0.176959412776493,NA,NA
"437",2.59524236883453,1,0.8,TRUE,0.65,0.183725848548007,0.874203712379892,0.927515591285288
"438",2.45146863731555,1,0.8,FALSE,0.658333333333333,0.192030940713706,NA,NA
"439",2.32165456342262,1,0.8,FALSE,0.666666666666667,0.206091372235528,NA,NA
"440",2.20379754343486,1,0.8,TRUE,0.675,0.224875317053835,0.869180060674407,0.927754284135994
"441",2.09625838876281,1,0.8,FALSE,0.683333333333333,0.228927801979846,NA,NA
"442",1.99768226719199,1,0.8,FALSE,0.691666666666667,0.240376011213773,NA,NA
"443",1.90693940178649,1,0.8,TRUE,0.7,0.255813613571089,0.864610470288193,0.927236562315659
"444",1.82307999427325,1,0.8,FALSE,0.708333333333333,0.262625542617956,NA,NA
"445",1.74529954205237,1,0.8,FALSE,0.716666666666667,0.268663204002892,NA,NA
"446",1.6729118528206,1,0.8,TRUE,0.725,0.281034166511076,0.86081479374876,0.927100712702917
"447",1.60532783081546,1,0.8,FALSE,0.733333333333333,0.285534030592645,NA,NA
"448",1.54203863967302,1,0.8,FALSE,0.741666666666667,0.292538119476519,NA,NA
"449",1.4826022185056,1,0.8,TRUE,0.75,0.298452736575247,0.857864875119857,0.926956833749037
"450",1.42663239143331,1,0.8,FALSE,0.758333333333333,0.296962952066356,NA,NA
"451",1.37379000016445,1,0.8,FALSE,0.766666666666667,0.303345084776393,NA,NA
"452",1.32377562678085,1,0.8,TRUE,0.775,0.302305007109402,0.855681929834233,0.925605636762373
"453",1.2763235748324,1,0.8,FALSE,0.783333333333333,0.307964056480062,NA,NA
"454",1.23119685157517,1,0.8,FALSE,0.791666666666667,0.307641446104432,NA,NA
"455",1.18818294989389,1,0.8,FALSE,0.8,0.305852829447798,NA,NA
"456",1.14709027015194,1,0.8,FALSE,0.808333333333333,0.304534896308897,NA,NA
"457",1.10774505342706,1,0.8,FALSE,0.816666666666667,0.302132348785808,NA,NA
"458",1.06998872076887,1,0.8,TRUE,0.825,0.293440330074979,0.85798890463728,0.926198747108361
"459",1.03367552992392,1,0.8,FALSE,0.833333333333333,0.284515994793036,NA,NA
"460",0.998670472471017,1,0.8,FALSE,0.841666666666667,0.275170977684959,NA,NA
"461",0.964847341022481,1,0.8,TRUE,0.85,0.260484953410017,0.862869124370071,0.924660645120661
"462",0.932086898072079,1,0.8,FALSE,0.858333333333333,0.24094481712111,NA,NA
"463",0.900275074571871,1,0.8,FALSE,0.866666666666667,0.221863117307096,NA,NA
"464",0.869301115868934,1,0.8,TRUE,0.875,0.195215486660536,0.871500396537231,0.920096176726134
"465",0.839055572294523,1,0.8,FALSE,0.883333333333333,0.166642609016793,NA,NA
"466",0.809427996123455,1,0.8,FALSE,0.891666666666667,0.130655004106979,NA,NA
"467",0.780304146072379,1,0.8,TRUE,0.9,0.0868908294692955,0.885112718878083,0.914479924608076
"468",0.751562396849177,1,0.8,FALSE,0.908333333333333,0.0214537715647393,NA,NA
"469",0.723068869494362,1,0.8,FALSE,0.916666666666667,0,NA,NA
"470",0.694670467571009,1,0.8,FALSE,0.925,0,NA,NA
"471",0.666184373143596,1,0.8,FALSE,0.933333333333333,0,NA,NA
"472",0.637381277718624,1,0.8,FALSE,0.941666666666667,0,NA,NA
"473",0.607956831911769,1,0.8,TRUE,0.95,0,NA,0.957921021708603
"474",3.94715387554275,1.5,0.8,TRUE,0.6,0.442566208139335,0.864779053859876,0.880079962464068
"475",3.63665788868146,1.5,0.8,FALSE,0.608333333333333,0.456909736837429,NA,NA
"476",3.3699780448092,1.5,0.8,FALSE,0.616666666666667,0.469435639863179,NA,NA
"477",3.13834420066129,1.5,0.8,TRUE,0.625,0.485522261208757,0.860753625741761,0.878243491719734
"478",2.93517811393803,1.5,0.8,FALSE,0.633333333333333,0.499295307342084,NA,NA
"479",2.75544873003645,1.5,0.8,FALSE,0.641666666666667,0.511196709395347,NA,NA
"480",2.59524236883453,1.5,0.8,TRUE,0.65,0.52487257234646,0.85782756761817,0.878930877476269
"481",2.45146863731555,1.5,0.8,FALSE,0.658333333333333,0.528639756736409,NA,NA
"482",2.32165456342262,1.5,0.8,FALSE,0.666666666666667,0.541161204436324,NA,NA
"483",2.20379754343486,1.5,0.8,TRUE,0.675,0.546218524923446,0.855568079078197,0.878680818181689
"484",2.09625838876281,1.5,0.8,FALSE,0.683333333333333,0.556337077591435,NA,NA
"485",1.99768226719199,1.5,0.8,FALSE,0.691666666666667,0.560158305140812,NA,NA
"486",1.90693940178649,1.5,0.8,TRUE,0.7,0.561860470622155,0.854910383324808,0.880259804098163
"487",1.82307999427325,1.5,0.8,FALSE,0.708333333333333,0.563259226212846,NA,NA
"488",1.74529954205237,1.5,0.8,FALSE,0.716666666666667,0.56366408365145,NA,NA
"489",1.6729118528206,1.5,0.8,TRUE,0.725,0.556860995996862,0.855640563534142,0.880047889685163
"490",1.60532783081546,1.5,0.8,FALSE,0.733333333333333,0.555231451416762,NA,NA
"491",1.54203863967302,1.5,0.8,FALSE,0.741666666666667,0.54713495201627,NA,NA
"492",1.4826022185056,1.5,0.8,TRUE,0.75,0.537379928409048,0.858767340906756,0.878527887906022
"493",1.42663239143331,1.5,0.8,FALSE,0.758333333333333,0.531370284342381,NA,NA
"494",1.37379000016445,1.5,0.8,FALSE,0.766666666666667,0.514059036118904,NA,NA
"495",1.32377562678085,1.5,0.8,TRUE,0.775,0.502399988093395,0.86491958015351,0.875246185197246
"496",1.2763235748324,1.5,0.8,FALSE,0.783333333333333,0.4850997670223,NA,NA
"497",1.23119685157517,1.5,0.8,FALSE,0.791666666666667,0.467866744379817,NA,NA
"498",1.18818294989389,1.5,0.8,FALSE,0.8,0.43939209161867,NA,NA
"499",1.14709027015194,1.5,0.8,FALSE,0.808333333333333,0.411242623331386,NA,NA
"500",1.10774505342706,1.5,0.8,FALSE,0.816666666666667,0.367059133222164,NA,NA
"501",1.06998872076887,1.5,0.8,TRUE,0.825,0.313876165893952,0.885564689099678,0.861937110188864
"502",1.03367552992392,1.5,0.8,FALSE,0.833333333333333,0.228532299650489,NA,NA
"503",0.998670472471017,1.5,0.8,FALSE,0.841666666666667,0,NA,NA
"504",0.964847341022481,1.5,0.8,TRUE,0.85,0,NA,0.857966267375358
"505",0.932086898072079,1.5,0.8,FALSE,0.858333333333333,0,NA,NA
"506",0.900275074571871,1.5,0.8,FALSE,0.866666666666667,0,NA,NA
"507",0.869301115868934,1.5,0.8,TRUE,0.875,0,NA,0.889815668205009
"508",0.839055572294523,1.5,0.8,FALSE,0.883333333333333,0,NA,NA
"509",0.809427996123455,1.5,0.8,FALSE,0.891666666666667,0,NA,NA
"510",0.780304146072379,1.5,0.8,TRUE,0.9,0,NA,0.921325964673026
"511",0.751562396849177,1.5,0.8,FALSE,0.908333333333333,0,NA,NA
"512",0.723068869494362,1.5,0.8,FALSE,0.916666666666667,0,NA,NA
"513",0.694670467571009,1.5,0.8,FALSE,0.925,0,NA,NA
"514",0.666184373143596,1.5,0.8,FALSE,0.933333333333333,0,NA,NA
"515",0.637381277718624,1.5,0.8,FALSE,0.941666666666667,0,NA,NA
"516",0.607956831911769,1.5,0.8,TRUE,0.95,0,NA,0.975514194320485
"517",3.94715387554275,2,0.8,TRUE,0.6,0.692389534158549,0.857033724857954,0.848590806261675
"518",3.63665788868146,2,0.8,FALSE,0.608333333333333,0.705737688697169,NA,NA
"519",3.3699780448092,2,0.8,FALSE,0.616666666666667,0.711367901154104,NA,NA
"520",3.13834420066129,2,0.8,TRUE,0.625,0.721298169692611,0.85458228018427,0.848625314110052
"521",2.93517811393803,2,0.8,FALSE,0.633333333333333,0.731237131974164,NA,NA
"522",2.75544873003645,2,0.8,FALSE,0.641666666666667,0.740023662879989,NA,NA
"523",2.59524236883453,2,0.8,TRUE,0.65,0.741703662185558,0.853699172118195,0.85135631827099
"524",2.45146863731555,2,0.8,FALSE,0.658333333333333,0.742133659049413,NA,NA
"525",2.32165456342262,2,0.8,FALSE,0.666666666666667,0.746702059660062,NA,NA
"526",2.20379754343486,2,0.8,TRUE,0.675,0.745451358438875,0.854570650621592,0.852791919534192
"527",2.09625838876281,2,0.8,FALSE,0.683333333333333,0.744003973211484,NA,NA
"528",1.99768226719199,2,0.8,FALSE,0.691666666666667,0.743081983079036,NA,NA
"529",1.90693940178649,2,0.8,TRUE,0.7,0.738412775605451,0.857905729590922,0.85225984322778
"530",1.82307999427325,2,0.8,FALSE,0.708333333333333,0.729071409979474,NA,NA
"531",1.74529954205237,2,0.8,FALSE,0.716666666666667,0.724313715139922,NA,NA
"532",1.6729118528206,2,0.8,TRUE,0.725,0.714774772466131,0.863702194003791,0.848245798412523
"533",1.60532783081546,2,0.8,FALSE,0.733333333333333,0.705111265932194,NA,NA
"534",1.54203863967302,2,0.8,FALSE,0.741666666666667,0.695335407665566,NA,NA
"535",1.4826022185056,2,0.8,TRUE,0.75,0.67539772080797,0.872086925395728,0.843184976645143
"536",1.42663239143331,2,0.8,FALSE,0.758333333333333,0.649804191908346,NA,NA
"537",1.37379000016445,2,0.8,FALSE,0.766666666666667,0.612802663790428,NA,NA
"538",1.32377562678085,2,0.8,TRUE,0.775,0.561889107730615,0.881893743291738,0.834726013841946
"539",1.2763235748324,2,0.8,FALSE,0.783333333333333,0.492738183796073,NA,NA
"540",1.23119685157517,2,0.8,FALSE,0.791666666666667,0.379249215422218,NA,NA
"541",1.18818294989389,2,0.8,FALSE,0.8,0.207013917100674,NA,NA
"542",1.14709027015194,2,0.8,FALSE,0.808333333333333,0,NA,NA
"543",1.10774505342706,2,0.8,FALSE,0.816666666666667,0,NA,NA
"544",1.06998872076887,2,0.8,TRUE,0.825,0,NA,0.846536031105594
"545",1.03367552992392,2,0.8,FALSE,0.833333333333333,0,NA,NA
"546",0.998670472471017,2,0.8,FALSE,0.841666666666667,0,NA,NA
"547",0.964847341022481,2,0.8,TRUE,0.85,0,NA,0.879533941388536
"548",0.932086898072079,2,0.8,FALSE,0.858333333333333,0,NA,NA
"549",0.900275074571871,2,0.8,FALSE,0.866666666666667,0,NA,NA
"550",0.869301115868934,2,0.8,TRUE,0.875,0,NA,0.910982806310144
"551",0.839055572294523,2,0.8,FALSE,0.883333333333333,0,NA,NA
"552",0.809427996123455,2,0.8,FALSE,0.891666666666667,0,NA,NA
"553",0.780304146072379,2,0.8,TRUE,0.9,0,NA,0.939668858508653
"554",0.751562396849177,2,0.8,FALSE,0.908333333333333,0,NA,NA
"555",0.723068869494362,2,0.8,FALSE,0.916666666666667,0,NA,NA
"556",0.694670467571009,2,0.8,FALSE,0.925,0,NA,NA
"557",0.666184373143596,2,0.8,FALSE,0.933333333333333,0,NA,NA
"558",0.637381277718624,2,0.8,FALSE,0.941666666666667,0,NA,NA
"559",0.607956831911769,2,0.8,TRUE,0.95,0,NA,0.983584905391686
"560",3.94715387554275,3,0.8,TRUE,0.6,0.928279304737636,0.850773264475183,0.819252829390654
"561",3.63665788868146,3,0.8,FALSE,0.608333333333333,0.932462079535874,NA,NA
"562",3.3699780448092,3,0.8,FALSE,0.616666666666667,0.934477725691003,NA,NA
"563",3.13834420066129,3,0.8,TRUE,0.625,0.936883245907479,0.851804341193401,0.823774573550819
"564",2.93517811393803,3,0.8,FALSE,0.633333333333333,0.937458594960898,NA,NA
"565",2.75544873003645,3,0.8,FALSE,0.641666666666667,0.937455811848878,NA,NA
"566",2.59524236883453,3,0.8,TRUE,0.65,0.935537068661114,0.855201432658989,0.823425430545027
"567",2.45146863731555,3,0.8,FALSE,0.658333333333333,0.935536149464177,NA,NA
"568",2.32165456342262,3,0.8,FALSE,0.666666666666667,0.933580208989145,NA,NA
"569",2.20379754343486,3,0.8,TRUE,0.675,0.929550997394749,0.861099900697389,0.820842890541073
"570",2.09625838876281,3,0.8,FALSE,0.683333333333333,0.923207588514902,NA,NA
"571",1.99768226719199,3,0.8,FALSE,0.691666666666667,0.914177962940763,NA,NA
"572",1.90693940178649,3,0.8,TRUE,0.7,0.901920622506344,0.868938791635798,0.81323952252994
"573",1.82307999427325,3,0.8,FALSE,0.708333333333333,0.882244998816832,NA,NA
"574",1.74529954205237,3,0.8,FALSE,0.716666666666667,0.853530111151924,NA,NA
"575",1.6729118528206,3,0.8,TRUE,0.725,0.806756394646355,0.878012982067454,0.804508284802879
"576",1.60532783081546,3,0.8,FALSE,0.733333333333333,0.736289131303799,NA,NA
"577",1.54203863967302,3,0.8,FALSE,0.741666666666667,0.641336736420109,NA,NA
"578",1.4826022185056,3,0.8,TRUE,0.75,0.517445495522866,0.887199947881257,0.803486535539835
"579",1.42663239143331,3,0.8,FALSE,0.758333333333333,0.375580647822338,NA,NA
"580",1.37379000016445,3,0.8,FALSE,0.766666666666667,0.199345625855703,NA,NA
"581",1.32377562678085,3,0.8,TRUE,0.775,0,NA,0.810609224608849
"582",1.2763235748324,3,0.8,FALSE,0.783333333333333,0,NA,NA
"583",1.23119685157517,3,0.8,FALSE,0.791666666666667,0,NA,NA
"584",1.18818294989389,3,0.8,FALSE,0.8,0,NA,NA
"585",1.14709027015194,3,0.8,FALSE,0.808333333333333,0,NA,NA
"586",1.10774505342706,3,0.8,FALSE,0.816666666666667,0,NA,NA
"587",1.06998872076887,3,0.8,TRUE,0.825,0,NA,0.877390227714795
"588",1.03367552992392,3,0.8,FALSE,0.833333333333333,0,NA,NA
"589",0.998670472471017,3,0.8,FALSE,0.841666666666667,0,NA,NA
"590",0.964847341022481,3,0.8,TRUE,0.85,0,NA,0.907504038403133
"591",0.932086898072079,3,0.8,FALSE,0.858333333333333,0,NA,NA
"592",0.900275074571871,3,0.8,FALSE,0.866666666666667,0,NA,NA
"593",0.869301115868934,3,0.8,TRUE,0.875,0,NA,0.934485227406752
"594",0.839055572294523,3,0.8,FALSE,0.883333333333333,0,NA,NA
"595",0.809427996123455,3,0.8,FALSE,0.891666666666667,0,NA,NA
"596",0.780304146072379,3,0.8,TRUE,0.9,0,NA,0.957646660008739
"597",0.751562396849177,3,0.8,FALSE,0.908333333333333,0,NA,NA
"598",0.723068869494362,3,0.8,FALSE,0.916666666666667,0,NA,NA
"599",0.694670467571009,3,0.8,FALSE,0.925,0,NA,NA
"600",0.666184373143596,3,0.8,FALSE,0.933333333333333,0,NA,NA
"601",0.637381277718624,3,0.8,FALSE,0.941666666666667,0,NA,NA
"602",0.607956831911769,3,0.8,TRUE,0.95,0,NA,0.989857620177176
"603",3.94715387554275,4,0.8,TRUE,0.6,0.989528109795284,0.848954379017308,0.805670130440255
"604",3.63665788868146,4,0.8,FALSE,0.608333333333333,0.990075293039017,NA,NA
"605",3.3699780448092,4,0.8,FALSE,0.616666666666667,0.98952806649257,NA,NA
"606",3.13834420066129,4,0.8,TRUE,0.625,0.98952806373356,0.852454306632029,0.807687999863833
"607",2.93517811393803,4,0.8,FALSE,0.633333333333333,0.988960864187099,NA,NA
"608",2.75544873003645,4,0.8,FALSE,0.641666666666667,0.988373271650408,NA,NA
"609",2.59524236883453,4,0.8,TRUE,0.65,0.987135186239239,0.858418865604541,0.804373836097103
"610",2.45146863731555,4,0.8,FALSE,0.658333333333333,0.985113499666814,NA,NA
"611",2.32165456342262,4,0.8,FALSE,0.666666666666667,0.982005582356792,NA,NA
"612",2.20379754343486,4,0.8,TRUE,0.675,0.975722323926783,0.866516942549663,0.797253187163875
"613",2.09625838876281,4,0.8,FALSE,0.683333333333333,0.962742025082263,NA,NA
"614",1.99768226719199,4,0.8,FALSE,0.691666666666667,0.939301836654546,NA,NA
"615",1.90693940178649,4,0.8,TRUE,0.7,0.901114311260262,0.875557010967605,0.795479851230233
"616",1.82307999427325,4,0.8,FALSE,0.708333333333333,0.838760323601221,NA,NA
"617",1.74529954205237,4,0.8,FALSE,0.716666666666667,0.757383507631636,NA,NA
"618",1.6729118528206,4,0.8,TRUE,0.725,0.644904215090908,0.884189030162486,0.797472130720528
"619",1.60532783081546,4,0.8,FALSE,0.733333333333333,0.517359380453971,NA,NA
"620",1.54203863967302,4,0.8,FALSE,0.741666666666667,0.366649449944527,NA,NA
"621",1.4826022185056,4,0.8,TRUE,0.75,0.176339141820624,0.894164132797792,0.803405585546524
"622",1.42663239143331,4,0.8,FALSE,0.758333333333333,0,NA,NA
"623",1.37379000016445,4,0.8,FALSE,0.766666666666667,0,NA,NA
"624",1.32377562678085,4,0.8,TRUE,0.775,0,NA,0.831184394623832
"625",1.2763235748324,4,0.8,FALSE,0.783333333333333,0,NA,NA
"626",1.23119685157517,4,0.8,FALSE,0.791666666666667,0,NA,NA
"627",1.18818294989389,4,0.8,FALSE,0.8,0,NA,NA
"628",1.14709027015194,4,0.8,FALSE,0.808333333333333,0,NA,NA
"629",1.10774505342706,4,0.8,FALSE,0.816666666666667,0,NA,NA
"630",1.06998872076887,4,0.8,TRUE,0.825,0,NA,0.894273364203886
"631",1.03367552992392,4,0.8,FALSE,0.833333333333333,0,NA,NA
"632",0.998670472471017,4,0.8,FALSE,0.841666666666667,0,NA,NA
"633",0.964847341022481,4,0.8,TRUE,0.85,0,NA,0.921655405098913
"634",0.932086898072079,4,0.8,FALSE,0.858333333333333,0,NA,NA
"635",0.900275074571871,4,0.8,FALSE,0.866666666666667,0,NA,NA
"636",0.869301115868934,4,0.8,TRUE,0.875,0,NA,0.945590475987594
"637",0.839055572294523,4,0.8,FALSE,0.883333333333333,0,NA,NA
"638",0.809427996123455,4,0.8,FALSE,0.891666666666667,0,NA,NA
"639",0.780304146072379,4,0.8,TRUE,0.9,0,NA,0.965608280520155
"640",0.751562396849177,4,0.8,FALSE,0.908333333333333,0,NA,NA
"641",0.723068869494362,4,0.8,FALSE,0.916666666666667,0,NA,NA
"642",0.694670467571009,4,0.8,FALSE,0.925,0,NA,NA
"643",0.666184373143596,4,0.8,FALSE,0.933333333333333,0,NA,NA
"644",0.637381277718624,4,0.8,FALSE,0.941666666666667,0,NA,NA
"645",0.607956831911769,4,0.8,TRUE,0.95,0,NA,0.992261736028254
